TRUNCATE TABLE
    employee_skills,
    project_employees,
    search_profile_skills,
    employees,
    projects,
    search_profiles,
    skills
    RESTART IDENTITY CASCADE;

insert into employees (id, firstname, lastname, email, urlcv, created_at, career_start) values ('fcbae8ba-ad69-42b7-af83-74ddcf5fbf50', 'Alexio', 'Dooney', 'adooney0@mashable.com', 'https://unesco.org/maecenas/leo.xml', '2017-06-20', '2001-01-18');
insert into employees (id, firstname, lastname, email, urlcv, created_at, career_start) values ('cdb84315-e7f1-4150-8146-abcecbc521b2', 'Addia', 'Kinchington', 'akinchington1@yahoo.co.jp', 'http://1und1.de/metus/aenean/fermentum.jsp', '2012-09-01', '2021-07-16');
insert into employees (id, firstname, lastname, email, urlcv, created_at, career_start) values ('d4ba7531-a825-4caa-a039-9c62eea83a1f', 'Gaylord', 'Jantel', 'gjantel2@flickr.com', 'http://icq.com/dui/nec.aspx', '2008-03-04', '2009-05-11');
insert into employees (id, firstname, lastname, email, urlcv, created_at, career_start) values ('4f325e08-080e-4395-b519-a304dcc8843d', 'Sean', 'McMichael', 'smcmichael3@gravatar.com', 'https://mapquest.com/dui/maecenas/tristique/est/et/tempus.js', '2012-01-19', '2016-11-15');
insert into employees (id, firstname, lastname, email, urlcv, created_at, career_start) values ('4032c7a2-e852-4c8b-96ed-7fa9a8e0dd42', 'Dewain', 'Cherry Holme', 'dcherryholme4@washingtonpost.com', 'https://sciencedaily.com/lorem/ipsum/dolor/sit/amet.jpg', '2009-08-10', '2008-12-19');
insert into employees (id, firstname, lastname, email, urlcv, created_at, career_start) values ('d9ec2df5-204b-4563-a4e7-38436e50cbc1', 'Bendix', 'O''Dulchonta', 'bodulchonta5@mediafire.com', 'https://usatoday.com/maecenas/ut/massa/quis/augue.jsp', '2023-05-06', '2022-04-13');
insert into employees (id, firstname, lastname, email, urlcv, created_at, career_start) values ('f01b5e9a-28ed-4dd1-8a20-de4f3f09dc48', 'Netti', 'Bernardes', 'nbernardes6@cnbc.com', 'http://washington.edu/varius/nulla.aspx', '2011-07-23', '2019-03-22');
insert into employees (id, firstname, lastname, email, urlcv, created_at, career_start) values ('0258134e-f741-4025-ac11-b5ca7dded71a', 'Katy', 'Crichmer', 'kcrichmer7@linkedin.com', 'http://arizona.edu/congue/risus/semper/porta/volutpat/quam.html', '2010-11-30', '2023-08-19');
insert into employees (id, firstname, lastname, email, urlcv, created_at, career_start) values ('6dc85bab-7814-44fe-bab3-3bbad84179eb', 'Gery', 'Brach', 'gbrach8@nbcnews.com', 'http://japanpost.jp/luctus/et/ultrices/posuere/cubilia/curae.xml', '2017-03-11', '2023-03-30');
insert into employees (id, firstname, lastname, email, urlcv, created_at, career_start) values ('d8ba6ab2-82f5-4df3-8cb9-8b46868239f7', 'Sandra', 'Bigham', 'sbigham9@rediff.com', 'https://omniture.com/vulputate/vitae/nisl.png', '2019-11-30', '2013-05-08');
insert into employees (id, firstname, lastname, email, urlcv, created_at, career_start) values ('bdfce6bf-68b8-4177-9b76-92d02ab67862', 'Willa', 'Westrope', 'wwestropea@arstechnica.com', 'https://github.io/elementum/ligula/vehicula/consequat/morbi/a/ipsum.aspx', '2000-08-06', '2000-08-20');
insert into employees (id, firstname, lastname, email, urlcv, created_at, career_start) values ('1efd910c-1865-44ad-b3a5-a40e79b88d55', 'Valida', 'Brosel', 'vbroselb@jalbum.net', 'http://posterous.com/nulla.json', '2004-07-10', '2020-03-09');
insert into employees (id, firstname, lastname, email, urlcv, created_at, career_start) values ('2e2bc5fe-e31f-4701-b46b-61535d8db85b', 'Samaria', 'Lappin', 'slappinc@tinypic.com', 'https://about.me/lectus.js', '2025-01-07', '2014-11-18');
insert into employees (id, firstname, lastname, email, urlcv, created_at, career_start) values ('e9975389-666f-4581-b040-9ede784fd67a', 'Egor', 'Sotheby', 'esothebyd@unblog.fr', 'https://goo.ne.jp/vel/est/donec/odio/justo/sollicitudin/ut.html', '2016-09-15', '2022-12-14');
insert into employees (id, firstname, lastname, email, urlcv, created_at, career_start) values ('85ddfe9d-b95b-4d0c-a307-0e22295a11a9', 'Murry', 'Chalke', 'mchalkee@cnn.com', 'https://godaddy.com/potenti.jsp', '2014-10-06', '2005-10-25');
insert into employees (id, firstname, lastname, email, urlcv, created_at, career_start) values ('1926521b-f1a2-40ab-9082-d42526f4e258', 'Fredrika', 'Bartkiewicz', 'fbartkiewiczf@meetup.com', 'https://theguardian.com/eu/sapien/cursus/vestibulum/proin.js', '2014-02-05', '2016-02-27');
insert into employees (id, firstname, lastname, email, urlcv, created_at, career_start) values ('b91332c6-f182-4588-a479-f832a87cf0ce', 'Toni', 'Tweede', 'ttweedeg@diigo.com', 'http://timesonline.co.uk/amet/sem/fusce/consequat/nulla/nisl/nunc.json', '2006-04-16', '2004-01-25');
insert into employees (id, firstname, lastname, email, urlcv, created_at, career_start) values ('b0865d3d-8dc0-409a-9ced-53e55750ccde', 'Jocelyn', 'Bedford', 'jbedfordh@pagesperso-orange.fr', 'https://plala.or.jp/dui/maecenas/tristique/est/et/tempus/semper.aspx', '2000-04-02', '2009-11-19');
insert into employees (id, firstname, lastname, email, urlcv, created_at, career_start) values ('4a332575-af54-41cc-8820-f5caecf357c8', 'Baxy', 'Blindmann', 'bblindmanni@noaa.gov', 'https://hugedomains.com/est/phasellus/sit/amet/erat.xml', '2011-07-10', '2006-06-28');
insert into employees (id, firstname, lastname, email, urlcv, created_at, career_start) values ('de1daecf-1b51-4e45-9670-06c661c931a2', 'Ula', 'Fantonetti', 'ufantonettij@simplemachines.org', 'http://dell.com/non/mattis/pulvinar.html', '2021-11-15', '2015-04-12');
insert into employees (id, firstname, lastname, email, urlcv, created_at, career_start) values ('1424e178-fc0c-45b0-9fb2-eb8725b413b8', 'Adams', 'Stallard', 'astallardk@stanford.edu', 'http://ihg.com/enim/leo.png', '2005-09-16', '2001-06-28');
insert into employees (id, firstname, lastname, email, urlcv, created_at, career_start) values ('4f78754e-f53e-43e1-a489-cee14e14f35f', 'Godfree', 'Gealle', 'ggeallel@typepad.com', 'http://squidoo.com/lacus/purus/aliquet/at/feugiat/non.js', '2016-01-11', '2010-04-22');
insert into employees (id, firstname, lastname, email, urlcv, created_at, career_start) values ('2d39d730-d345-48f9-bc6b-d4e5c7e5b1c6', 'Dianemarie', 'Moyne', 'dmoynem@adobe.com', 'https://netvibes.com/tellus/semper.jpg', '2004-06-27', '2009-09-20');
insert into employees (id, firstname, lastname, email, urlcv, created_at, career_start) values ('1de510d2-e9aa-4419-b762-b650b0d8d0b7', 'Dick', 'Quilkin', 'dquilkinn@tmall.com', 'http://exblog.jp/ipsum.json', '2023-04-20', '2020-09-18');
insert into employees (id, firstname, lastname, email, urlcv, created_at, career_start) values ('86727ae8-7806-4f86-b0ba-805b66dc7e4e', 'Wallis', 'Smithe', 'wsmitheo@multiply.com', 'https://shinystat.com/est/lacinia/nisi/venenatis.xml', '2014-08-09', '2021-07-11');
insert into employees (id, firstname, lastname, email, urlcv, created_at, career_start) values ('72909950-f2e0-4c1a-b640-13bd81449940', 'Amelia', 'Abbatucci', 'aabbatuccip@va.gov', 'http://hubpages.com/magna/ac/consequat.js', '2014-07-30', '2005-01-22');
insert into employees (id, firstname, lastname, email, urlcv, created_at, career_start) values ('a988c15f-7737-4282-be0b-3f717d0019cd', 'Sibyl', 'Meaton', 'smeatonq@51.la', 'http://tamu.edu/ante/ipsum/primis/in/faucibus/orci.jpg', '2012-06-28', '2002-08-27');
insert into employees (id, firstname, lastname, email, urlcv, created_at, career_start) values ('1741a09f-fc69-441e-a50e-34d2f17892c2', 'Becca', 'Spon', 'bsponr@microsoft.com', 'http://google.fr/ligula.js', '2024-08-04', '2024-09-24');
insert into employees (id, firstname, lastname, email, urlcv, created_at, career_start) values ('54fd5fc9-4390-4b72-ae49-154723d04963', 'Jamie', 'Saltmarshe', 'jsaltmarshes@webeden.co.uk', 'https://answers.com/ultrices/posuere.html', '2024-11-13', '2000-07-24');
insert into employees (id, firstname, lastname, email, urlcv, created_at, career_start) values ('210d1282-2b3e-428d-bca4-cd8ba888ba02', 'Whitman', 'Shemmin', 'wshemmint@washington.edu', 'https://wisc.edu/magna/at/nunc/commodo/placerat/praesent/blandit.jpg', '2009-02-24', '2002-12-28');
insert into employees (id, firstname, lastname, email, urlcv, created_at, career_start) values ('c0868596-d7f0-47b7-ac40-f4a8683aece5', 'Anthea', 'Goldsby', 'agoldsbyu@ucoz.com', 'https://shinystat.com/turpis/nec/euismod/scelerisque/quam/turpis.json', '2001-12-01', '2013-06-04');
insert into employees (id, firstname, lastname, email, urlcv, created_at, career_start) values ('e237a9a1-3b3e-41a2-9378-05c5307b062f', 'Blinny', 'Alsopp', 'balsoppv@macromedia.com', 'https://dyndns.org/mauris/morbi/non/lectus/aliquam.html', '2017-10-27', '2004-01-04');
insert into employees (id, firstname, lastname, email, urlcv, created_at, career_start) values ('fa0193a2-956a-44dd-b088-abe10de24a69', 'Jefferson', 'Caldero', 'jcalderow@skype.com', 'https://wikispaces.com/ac/nulla.png', '2004-02-21', '2019-01-30');
insert into employees (id, firstname, lastname, email, urlcv, created_at, career_start) values ('eef73e08-b8e1-4bfb-acb3-62cbfd0528d7', 'Nikoletta', 'Esch', 'neschx@prlog.org', 'https://weebly.com/consequat/in/consequat/ut/nulla/sed.jpg', '2002-04-13', '2018-01-27');
insert into employees (id, firstname, lastname, email, urlcv, created_at, career_start) values ('3ccff8eb-a41d-46a6-b781-a36d9ae31b8d', 'Marshall', 'Yonnie', 'myonniey@ow.ly', 'http://cafepress.com/suspendisse/ornare/consequat/lectus.aspx', '2005-01-17', '2019-09-23');
insert into employees (id, firstname, lastname, email, urlcv, created_at, career_start) values ('308874e5-67af-4de0-a2ac-1128d015bb13', 'Manuel', 'Mattke', 'mmattkez@creativecommons.org', 'https://naver.com/consequat/dui.jpg', '2017-08-27', '2021-02-19');
insert into employees (id, firstname, lastname, email, urlcv, created_at, career_start) values ('ac0d3c9b-bf45-4c78-abb0-450c4bc8d3fc', 'Lucie', 'Heggadon', 'lheggadon10@etsy.com', 'https://theguardian.com/pellentesque.jpg', '2022-04-04', '2009-11-06');
insert into employees (id, firstname, lastname, email, urlcv, created_at, career_start) values ('5dd6af23-4b29-495a-be43-6bc31521f422', 'Baldwin', 'Gossage', 'bgossage11@drupal.org', 'https://istockphoto.com/volutpat/convallis.aspx', '2019-10-19', '2001-04-01');
insert into employees (id, firstname, lastname, email, urlcv, created_at, career_start) values ('6a5b3b4f-528a-44d6-9473-bdfbe62b12bf', 'Querida', 'Bourgour', 'qbourgour12@epa.gov', 'https://pcworld.com/nec/dui/luctus/rutrum/nulla.png', '2014-10-31', '2021-05-21');
insert into employees (id, firstname, lastname, email, urlcv, created_at, career_start) values ('5d494b05-af28-4ec9-998d-b05a035449ee', 'Anastasia', 'Baseke', 'abaseke13@lulu.com', 'https://mozilla.com/aliquet/pulvinar.jsp', '2010-08-10', '2011-11-15');
insert into employees (id, firstname, lastname, email, urlcv, created_at, career_start) values ('5e5cbea9-02b9-485d-bec1-6085bd3a4702', 'Smitty', 'Bridgen', 'sbridgen14@ucla.edu', 'http://typepad.com/consequat/varius/integer/ac/leo/pellentesque.jpg', '2012-05-30', '2004-12-05');
insert into employees (id, firstname, lastname, email, urlcv, created_at, career_start) values ('a578a5a6-1aee-4e91-89d4-c4f5bfbb2bdc', 'Cazzie', 'Mc Harg', 'cmcharg15@cnet.com', 'http://instagram.com/et.html', '2002-12-21', '2007-11-03');
insert into employees (id, firstname, lastname, email, urlcv, created_at, career_start) values ('e4c2ec40-38d5-4e1c-93e9-feb9fe5394a4', 'Derril', 'Ciani', 'dciani16@github.com', 'http://newsvine.com/ultrices/posuere/cubilia/curae/donec/pharetra.aspx', '2023-04-14', '2014-04-23');
insert into employees (id, firstname, lastname, email, urlcv, created_at, career_start) values ('ad31efa9-e6cf-4a3c-bdf8-8ad980e34dfa', 'Rogers', 'Arnley', 'rarnley17@shareasale.com', 'https://gravatar.com/consequat/ut/nulla/sed.json', '2013-08-15', '2007-09-02');
insert into employees (id, firstname, lastname, email, urlcv, created_at, career_start) values ('eede0c17-894d-4844-ac7f-bfb02db6b3a2', 'Robers', 'Moger', 'rmoger18@mac.com', 'http://dropbox.com/vel/accumsan/tellus/nisi/eu/orci/mauris.aspx', '2005-07-30', '2005-11-07');
insert into employees (id, firstname, lastname, email, urlcv, created_at, career_start) values ('215dde4e-92b6-49de-9ba6-3ee96cd6f9da', 'Kristina', 'Glozman', 'kglozman19@google.co.jp', 'https://narod.ru/vestibulum.xml', '2022-11-05', '2015-09-21');
insert into employees (id, firstname, lastname, email, urlcv, created_at, career_start) values ('df3c9592-f447-468c-bac5-d7b58c41a75a', 'Cirilo', 'Louw', 'clouw1a@e-recht24.de', 'https://devhub.com/in/congue/etiam/justo.png', '2013-12-02', '2008-05-03');
insert into employees (id, firstname, lastname, email, urlcv, created_at, career_start) values ('7b20a1ff-1442-4ab2-8119-667032fa402f', 'Bil', 'Alelsandrowicz', 'balelsandrowicz1b@buzzfeed.com', 'https://wufoo.com/in/lectus/pellentesque/at.aspx', '2007-11-16', '2015-05-14');
insert into employees (id, firstname, lastname, email, urlcv, created_at, career_start) values ('ee30da4f-de03-4d42-8a0e-bb312ed78c89', 'Krissie', 'Dabney', 'kdabney1c@devhub.com', 'http://multiply.com/elementum/eu/interdum/eu.jpg', '2019-08-16', '2007-07-30');
insert into employees (id, firstname, lastname, email, urlcv, created_at, career_start) values ('68d0e8cf-41a6-4cb0-a05e-843e31d3b5b4', 'Ariel', 'Noddings', 'anoddings1d@globo.com', 'http://51.la/nisl/ut.jpg', '2007-03-23', '2002-11-14');
insert into employees (id, firstname, lastname, email, urlcv, created_at, career_start) values ('ee7ef1dc-e967-49ef-9956-7a46d0028427', 'Dicky', 'Bellham', 'dbellham1e@xinhuanet.com', 'https://icq.com/quam/turpis.png', '2001-12-09', '2006-12-04');
insert into employees (id, firstname, lastname, email, urlcv, created_at, career_start) values ('93afcc2a-6023-414c-94dc-f885424348e2', 'Judie', 'Dray', 'jdray1f@deliciousdays.com', 'http://devhub.com/nisi/vulputate/nonummy/maecenas.jpg', '2003-03-07', '2019-11-19');
insert into employees (id, firstname, lastname, email, urlcv, created_at, career_start) values ('3ecf8544-5157-474a-aeb6-e29508d58941', 'Ignace', 'Church', 'ichurch1g@bloglines.com', 'http://webnode.com/vulputate/nonummy/maecenas/tincidunt.xml', '2005-05-01', '2017-05-28');
insert into employees (id, firstname, lastname, email, urlcv, created_at, career_start) values ('220397ef-e535-4127-b9ff-357cd794c179', 'Delmor', 'Oen', 'doen1h@comcast.net', 'http://nydailynews.com/etiam/vel/augue/vestibulum/rutrum.json', '2006-04-26', '2017-11-29');
insert into employees (id, firstname, lastname, email, urlcv, created_at, career_start) values ('b681a4fb-4dfa-4de4-91a7-0c7015887a1c', 'Benedicta', 'Sommerton', 'bsommerton1i@clickbank.net', 'https://epa.gov/nisl/venenatis/lacinia/aenean.html', '2014-03-25', '2023-03-04');
insert into employees (id, firstname, lastname, email, urlcv, created_at, career_start) values ('b43228da-5914-45fa-a3f2-92ecd4b41d06', 'Wain', 'Pinkerton', 'wpinkerton1j@webs.com', 'http://chicagotribune.com/nisl/duis/ac.html', '2013-11-09', '2017-03-13');
insert into employees (id, firstname, lastname, email, urlcv, created_at, career_start) values ('353b6202-6f59-4ca6-9196-7f8120df4123', 'Gradeigh', 'Janz', 'gjanz1k@geocities.com', 'https://nba.com/nonummy/integer/non/velit/donec/diam/neque.png', '2000-05-01', '2003-08-08');
insert into employees (id, firstname, lastname, email, urlcv, created_at, career_start) values ('69c051b2-2e4e-4fb4-b929-de11db192c22', 'Jarrid', 'Hegg', 'jhegg1l@odnoklassniki.ru', 'http://hibu.com/dolor/quis/odio/consequat.json', '2010-03-12', '2000-09-09');
insert into employees (id, firstname, lastname, email, urlcv, created_at, career_start) values ('d6f20563-d789-45bd-9083-e0ba7f7e8a94', 'Jess', 'Pinckney', 'jpinckney1m@tripod.com', 'http://blogger.com/dui/maecenas/tristique.xml', '2003-06-27', '2017-03-05');
insert into employees (id, firstname, lastname, email, urlcv, created_at, career_start) values ('8196b0d6-6c19-4a23-a5bd-1882b2a9164b', 'Felecia', 'Pirot', 'fpirot1n@nymag.com', 'http://about.com/consequat.png', '2015-11-24', '2022-04-05');
insert into employees (id, firstname, lastname, email, urlcv, created_at, career_start) values ('c1d2287c-bd39-44a0-9d40-fd19ff372418', 'Ciel', 'Trapp', 'ctrapp1o@blogger.com', 'http://craigslist.org/rutrum/ac.xml', '2016-06-14', '2001-10-17');
insert into employees (id, firstname, lastname, email, urlcv, created_at, career_start) values ('28d2bdc9-440f-4a7a-9cf1-c6947dcf0e73', 'Helaine', 'Thomazin', 'hthomazin1p@jimdo.com', 'https://adobe.com/consequat/varius/integer/ac.jpg', '2006-06-23', '2010-04-20');
insert into employees (id, firstname, lastname, email, urlcv, created_at, career_start) values ('bbd20fc3-3fe1-47a9-bb70-e7cc2e921d0f', 'Biddie', 'Durkin', 'bdurkin1q@cnet.com', 'https://purevolume.com/eget/semper.json', '2016-03-05', '2014-05-24');
insert into employees (id, firstname, lastname, email, urlcv, created_at, career_start) values ('79d590d0-cb1e-41f4-9bb2-87666d92d172', 'Sheffy', 'Lepope', 'slepope1r@google.de', 'http://opensource.org/ante.js', '2000-05-08', '2021-06-05');
insert into employees (id, firstname, lastname, email, urlcv, created_at, career_start) values ('39a9bbe8-2ba7-4a1f-9020-426b220dc07c', 'Bud', 'Aizikov', 'baizikov1s@washington.edu', 'http://php.net/tristique/in/tempus.js', '2021-05-03', '2018-12-04');
insert into employees (id, firstname, lastname, email, urlcv, created_at, career_start) values ('e23a49c5-62cb-4a5a-bd2b-f86aca7da423', 'Appolonia', 'Swiffen', 'aswiffen1t@themeforest.net', 'https://angelfire.com/primis.aspx', '2004-05-08', '2013-11-02');
insert into employees (id, firstname, lastname, email, urlcv, created_at, career_start) values ('d64cd8ce-f521-4d3d-ac24-7ef89b277b31', 'Hulda', 'Burkwood', 'hburkwood1u@e-recht24.de', 'http://sitemeter.com/at/nibh.jsp', '2019-11-30', '2009-05-23');
insert into employees (id, firstname, lastname, email, urlcv, created_at, career_start) values ('0b79f1db-a5ff-4a11-a8d2-862b25a52769', 'Nolly', 'Climpson', 'nclimpson1v@infoseek.co.jp', 'http://quantcast.com/imperdiet/nullam/orci/pede/venenatis.js', '2012-08-21', '2023-04-22');
insert into employees (id, firstname, lastname, email, urlcv, created_at, career_start) values ('a0941bb7-25f9-4e61-b568-ecf25e0a4dd1', 'Marielle', 'Kielty', 'mkielty1w@nps.gov', 'https://ameblo.jp/magna.js', '2018-12-31', '2003-01-26');
insert into employees (id, firstname, lastname, email, urlcv, created_at, career_start) values ('c2ac2939-933d-4bb3-a7c8-38e1d4bd2a5b', 'Eleen', 'Dallaghan', 'edallaghan1x@unesco.org', 'https://opensource.org/ornare/consequat/lectus.html', '2020-08-15', '2001-04-23');
insert into employees (id, firstname, lastname, email, urlcv, created_at, career_start) values ('f1679bd6-b228-4e0b-8b97-4dd1bd1f7df8', 'Edlin', 'Broadey', 'ebroadey1y@psu.edu', 'http://eepurl.com/vel/pede/morbi.js', '2011-05-08', '2020-08-04');
insert into employees (id, firstname, lastname, email, urlcv, created_at, career_start) values ('c9ac0836-bc6a-40a0-80bd-b2ded3e96808', 'Britt', 'Mattaser', 'bmattaser1z@furl.net', 'https://woothemes.com/nulla/tempus/vivamus/in/felis/eu/sapien.html', '2016-06-18', '2020-10-14');
insert into employees (id, firstname, lastname, email, urlcv, created_at, career_start) values ('0a8ad8fa-0833-4c40-95e5-58377417978a', 'Alidia', 'Prevost', 'aprevost20@seattletimes.com', 'https://cbc.ca/pulvinar/lobortis/est/phasellus/sit/amet.html', '2013-02-08', '2000-10-17');
insert into employees (id, firstname, lastname, email, urlcv, created_at, career_start) values ('32816945-01dd-4d0c-a9f3-ba619d5fcc79', 'Kalina', 'Greatex', 'kgreatex21@house.gov', 'http://google.pl/blandit/mi.xml', '2009-02-24', '2020-10-08');
insert into employees (id, firstname, lastname, email, urlcv, created_at, career_start) values ('376c76c7-88f0-4070-94e3-be1aa48289e6', 'Barbara', 'Maxfield', 'bmaxfield22@t.co', 'http://marriott.com/donec/dapibus/duis/at/velit/eu.xml', '2015-05-23', '2005-12-01');
insert into employees (id, firstname, lastname, email, urlcv, created_at, career_start) values ('47209a93-8831-4b93-a244-c053f1608916', 'Donnie', 'Bouette', 'dbouette23@flickr.com', 'https://purevolume.com/pretium.aspx', '2016-06-28', '2007-12-12');
insert into employees (id, firstname, lastname, email, urlcv, created_at, career_start) values ('83e86bea-15be-4f9b-b8f2-db88464fb85f', 'Gard', 'Franken', 'gfranken24@php.net', 'https://bloglines.com/in/imperdiet/et/commodo/vulputate/justo/in.html', '2014-12-05', '2000-11-23');
insert into employees (id, firstname, lastname, email, urlcv, created_at, career_start) values ('2b40c507-4263-448f-a128-ba8e59547242', 'Leontyne', 'Croasdale', 'lcroasdale25@icq.com', 'http://hatena.ne.jp/pede.xml', '2012-01-21', '2024-01-17');
insert into employees (id, firstname, lastname, email, urlcv, created_at, career_start) values ('ce62aa28-35ac-40b9-9d98-649383acb2d0', 'Sylvia', 'Landre', 'slandre26@zimbio.com', 'http://intel.com/erat/volutpat/in/congue/etiam/justo/etiam.aspx', '2004-12-16', '2006-07-06');
insert into employees (id, firstname, lastname, email, urlcv, created_at, career_start) values ('b97d2b48-14df-4811-8d4f-27daee9b2aeb', 'Denys', 'Primarolo', 'dprimarolo27@xrea.com', 'https://biglobe.ne.jp/potenti/cras/in/purus/eu/magna.js', '2013-04-05', '2013-11-23');
insert into employees (id, firstname, lastname, email, urlcv, created_at, career_start) values ('dade0a59-49f8-4373-9d23-ae722826dcab', 'Dasha', 'Gunning', 'dgunning28@google.com.au', 'http://washington.edu/at.js', '2016-10-31', '2001-11-22');
insert into employees (id, firstname, lastname, email, urlcv, created_at, career_start) values ('a768e4d2-21cb-462a-b80d-9a0acb3f10d6', 'Ruddy', 'Whitfield', 'rwhitfield29@meetup.com', 'http://fastcompany.com/orci.json', '2004-03-22', '2001-03-02');
insert into employees (id, firstname, lastname, email, urlcv, created_at, career_start) values ('fcff75ba-35b0-4f48-8030-08157bda9d5a', 'Lydie', 'Storrier', 'lstorrier2a@ebay.com', 'http://t.co/molestie/lorem/quisque.png', '2001-10-17', '2009-06-13');
insert into employees (id, firstname, lastname, email, urlcv, created_at, career_start) values ('7be41ee8-b675-4cb6-978a-42922ed8ecff', 'Pierce', 'Whiskerd', 'pwhiskerd2b@list-manage.com', 'https://soup.io/posuere/nonummy/integer.js', '2016-03-05', '2018-12-01');
insert into employees (id, firstname, lastname, email, urlcv, created_at, career_start) values ('0b92b101-7b7f-4936-9a7b-11afa55ec2e5', 'Marci', 'Fearick', 'mfearick2c@un.org', 'http://globo.com/massa.json', '2002-12-09', '2017-02-02');
insert into employees (id, firstname, lastname, email, urlcv, created_at, career_start) values ('ed0a2cdb-b846-4252-8040-5790d1dea3fa', 'Troy', 'O''Hederscoll', 'tohederscoll2d@trellian.com', 'https://loc.gov/blandit/non/interdum/in/ante/vestibulum/ante.jsp', '2020-07-17', '2011-08-11');
insert into employees (id, firstname, lastname, email, urlcv, created_at, career_start) values ('4c6011e3-1f59-4951-8f11-a7882002b297', 'Junie', 'Hardin', 'jhardin2e@theglobeandmail.com', 'https://ustream.tv/nisl/duis.xml', '2016-10-19', '2001-01-13');
insert into employees (id, firstname, lastname, email, urlcv, created_at, career_start) values ('3ba26fd0-5a1c-43f5-a9bf-7b6ac5446959', 'Mildred', 'Kattenhorn', 'mkattenhorn2f@nyu.edu', 'http://indiatimes.com/auctor/gravida/sem/praesent.js', '2005-10-16', '2024-06-07');
insert into employees (id, firstname, lastname, email, urlcv, created_at, career_start) values ('b72a200f-02b6-4ace-8160-b69b17a792e2', 'Farrah', 'Carlin', 'fcarlin2g@constantcontact.com', 'https://is.gd/lacus/morbi/quis/tortor/id.html', '2018-04-28', '2003-07-28');
insert into employees (id, firstname, lastname, email, urlcv, created_at, career_start) values ('64fa37ad-81af-43e3-b387-8f29e059c134', 'Johnna', 'Johansen', 'jjohansen2h@vk.com', 'http://booking.com/magnis/dis.jpg', '2015-01-15', '2016-01-16');
insert into employees (id, firstname, lastname, email, urlcv, created_at, career_start) values ('b6ea80f2-7771-4f26-b68c-248bfa2dae51', 'Wally', 'Vardon', 'wvardon2i@acquirethisname.com', 'https://soundcloud.com/vitae/mattis/nibh/ligula/nec/sem.aspx', '2018-01-23', '2009-10-01');
insert into employees (id, firstname, lastname, email, urlcv, created_at, career_start) values ('40435313-a2f6-4f2e-b7b4-f675dc09557f', 'Brit', 'Schulkins', 'bschulkins2j@cdbaby.com', 'https://hhs.gov/nulla/facilisi/cras/non/velit/nec/nisi.xml', '2017-05-19', '2000-01-14');
insert into employees (id, firstname, lastname, email, urlcv, created_at, career_start) values ('96231715-3e2c-4a6f-86d1-842026e15549', 'Joann', 'Ellwood', 'jellwood2k@illinois.edu', 'https://cbsnews.com/natoque/penatibus/et.aspx', '2005-02-11', '2012-04-20');
insert into employees (id, firstname, lastname, email, urlcv, created_at, career_start) values ('53f2795b-21f6-433f-8f94-5ac331b7d03b', 'Sheppard', 'Blackboro', 'sblackboro2l@narod.ru', 'http://toplist.cz/ultrices/mattis/odio.jpg', '2023-08-04', '2016-01-09');
insert into employees (id, firstname, lastname, email, urlcv, created_at, career_start) values ('fb195ce3-584f-43d4-8be6-152846832e88', 'Parry', 'Nurdin', 'pnurdin2m@homestead.com', 'https://google.com.au/imperdiet/nullam.jsp', '2016-10-19', '2002-01-09');
insert into employees (id, firstname, lastname, email, urlcv, created_at, career_start) values ('bfa7b014-885b-47f2-a5af-16b0a7321300', 'Brook', 'Jerman', 'bjerman2n@alexa.com', 'https://hatena.ne.jp/vel/accumsan/tellus/nisi/eu/orci/mauris.xml', '2024-01-20', '2013-11-17');
insert into employees (id, firstname, lastname, email, urlcv, created_at, career_start) values ('243caf8f-3abd-44a9-b00a-8ea37bd4aaac', 'Jaclyn', 'Cattle', 'jcattle2o@sakura.ne.jp', 'https://cpanel.net/molestie/lorem/quisque.jpg', '2016-08-30', '2014-01-14');
insert into employees (id, firstname, lastname, email, urlcv, created_at, career_start) values ('cf8e8b0f-2336-4fd2-ac35-46bae21c120a', 'Levey', 'Snyder', 'lsnyder2p@squidoo.com', 'https://oakley.com/sed/vestibulum/sit.png', '2010-12-18', '2004-08-05');
insert into employees (id, firstname, lastname, email, urlcv, created_at, career_start) values ('25c429bf-845f-47fb-b856-108fb46157cb', 'Rodolph', 'Trembath', 'rtrembath2q@ovh.net', 'https://un.org/nisi/nam/ultrices/libero/non/mattis.js', '2020-12-28', '2014-11-28');
insert into employees (id, firstname, lastname, email, urlcv, created_at, career_start) values ('2613faab-88d5-4f0c-8ae8-0ca113486ffe', 'Lisette', 'Bonallack', 'lbonallack2r@nifty.com', 'https://lycos.com/vehicula.aspx', '2006-04-28', '2011-10-05');

insert into projects (id, client, color, description, name, manager_id, archived_at, created_at, start_date, end_date) values ('c19aa98d-e764-4e2d-ad52-732562c294bf', 'Vidoo', '#de222b', 'opqbgnzshwzdacrqcgeyolilkchmmupnzucecmwtxglpvgamwmuidmgqqbuthjgyadywbnehfqgshdygqv', 'Tampflex', '51885eab-7a8a-402d-99ea-1ccbd91f3583', null, '2020-10-01', '2025-09-16', '2029-02-09');
insert into projects (id, client, color, description, name, manager_id, archived_at, created_at, start_date, end_date) values ('a1bd9595-7f1f-4916-939b-07512939e1f9', 'Izio', '#6c7ec0', 'bsvntlstahfsrgkeajmdlhomgkflaxsennvcteeuvhksixfokswrkumgvidftzqsogcveezusifhkminzi', 'It', 'daac58d5-9120-4cd8-914b-a1aa6192e0e6', '2020-05-11', '2023-12-08', '2027-07-11', '2031-03-21');
insert into projects (id, client, color, description, name, manager_id, archived_at, created_at, start_date, end_date) values ('1973807b-05bd-4fed-97d0-5b22701a8af4', 'Youfeed', '#485bbd', 'ukawkpcaedvmqqckajhwacwqvuuacoctbexlxvmvoaamtvdsrvlcjpxkblwllekkabthgwhegnlizscuig', 'Lotstring', '4e511409-23ac-42ef-ac01-5121f1627acd', null, '2022-01-01', '2023-02-02', '2032-02-27');
insert into projects (id, client, color, description, name, manager_id, archived_at, created_at, start_date, end_date) values ('b11fcf9a-21fd-4532-826b-836b6aa66304', 'Buzzshare', '#fddcba', 'dcusdasxxmjxyfymumruaybiicghmkxavobvhilmwfureltrihtjjtacyicoqimaoicrczkhfmetjiwjnx', 'Treeflex', '1f70baac-1434-45e7-af19-fb6fb1cea3a1', null, '2024-07-08', '2024-01-18', '2030-02-20');
insert into projects (id, client, color, description, name, manager_id, archived_at, created_at, start_date, end_date) values ('3cd37f56-76a6-4bb9-9a64-7407ef470632', 'Thoughtmix', '#ab871e', 'leunusfiflflnfnvoeehgkrptqspnesbgmdsmxmprzgwqithpcriojpwvtcfgyxscjxvrvjjkwzthkgozb', 'Y-find', 'e954f003-f020-4b94-a5a4-e5d37eaab0a8', null, '2020-12-21', '2024-09-19', '2029-02-28');
insert into projects (id, client, color, description, name, manager_id, archived_at, created_at, start_date, end_date) values ('a3959a74-cb53-47ac-b634-aa19a15a20eb', 'Quaxo', '#238cf5', 'ozyxslwepfsvjdfatmjwkoaggccgebpwmcpzcclauccfdhgnoagdpvsmwjwusxhgkbtkcfodezmfpbteak', 'Tres-Zap', 'e03b9193-6f2f-472f-93ad-77e0381fb569', '2020-11-28', '2024-04-10', '2026-09-14', '2028-07-04');
insert into projects (id, client, color, description, name, manager_id, archived_at, created_at, start_date, end_date) values ('f9203bbf-3b07-4872-a258-2c8013381073', 'Blognation', '#bead4b', 'lypiyhngtzlzlrgexrgicxgvlvcaczgbctswrrjnobfpvjornqzwqwziviytplipjhlmtjzgsrbypslfzj', 'Zamit', '81f1b736-454f-4833-9066-c3ce33e6a0a9', '2021-06-19', '2024-03-09', '2023-08-08', '2033-01-18');
insert into projects (id, client, color, description, name, manager_id, archived_at, created_at, start_date, end_date) values ('f1128e0d-5154-4708-8ef3-daa327fbba23', 'Zooveo', '#f376ab', 'kbcdsyjymzukxrmouzghyqrzpwqdlmpejowfoyvpiyohkicbgcmemgdospvhduohlflllpnxqpgtzzgkqp', 'Tampflex', '9c253c36-484a-48d9-a122-298dd02c4572', null, '2020-12-30', '2027-04-30', '2030-05-25');
insert into projects (id, client, color, description, name, manager_id, archived_at, created_at, start_date, end_date) values ('51d1cbac-b796-453f-924f-b985cf04685b', 'Shufflebeat', '#04268b', 'kqhbxqnnadureewvybqjopliosbpfhovkjonrvouzilnzydvvrrllkafueotldiwjqxyyeipeyaqpnnbgj', 'Tempsoft', 'ad804444-a8c0-4499-b94e-050109364906', '2024-03-18', '2021-05-19', '2023-09-07', '2031-10-01');
insert into projects (id, client, color, description, name, manager_id, archived_at, created_at, start_date, end_date) values ('ce4f00f3-befb-485b-ba98-3e8f4b042a3e', 'Brainlounge', '#3b139e', 'oaqskkgbvnhsqvhetvxjccnimkxisdzcnqqoxwamsakjgsnqjrmhhfqxxsykwgsmcvfbupnqmkzfcfjtkb', 'Transcof', '75399053-69a5-4898-9613-ec8c72a24774', null, '2020-07-06', '2026-08-11', '2028-01-20');
insert into projects (id, client, color, description, name, manager_id, archived_at, created_at, start_date, end_date) values ('c2ba7ea9-2c4f-4ce2-8f97-575ccf439f52', 'Livetube', '#a240ff', 'sqlsmvjczprtoeysgxfcopyabdndzhpubbwxkrriodtiwczzzorwafhljnjyqbxctqxevnnbdsbkgbrecs', 'Stim', '7eec33d0-7da8-404b-8048-5b807114b550', null, '2022-09-15', '2024-07-01', '2032-01-19');
insert into projects (id, client, color, description, name, manager_id, archived_at, created_at, start_date, end_date) values ('f63360a5-42f4-4714-9479-324cd3bd715e', 'Browseblab', '#cd56e1', 'opwofvwdnzfalyqkunwproftftfxmkdejttswknccbjssosipannkzeudfareuhvutuifjeenigeuhjjup', 'Treeflex', '7dd65fe0-bf35-49a7-bcc8-44cea25eee44', '2020-10-22', '2024-04-09', '2025-01-05', '2032-01-28');
insert into projects (id, client, color, description, name, manager_id, archived_at, created_at, start_date, end_date) values ('349efbe3-c2cb-436c-b1e2-0b7bdf0c6ab4', 'Agivu', '#83409b', 'snswuwzmnvbbgfvswdlzmicuuryxvvpcmjscljmgmvesnlumaxmtediinognydpxyggjwamihhnqktehvv', 'Prodder', '5ea3fbf1-d748-4103-beed-e02087c5636b', '2024-08-18', '2023-12-09', '2027-05-13', '2032-10-17');
insert into projects (id, client, color, description, name, manager_id, archived_at, created_at, start_date, end_date) values ('1d67c811-3120-4155-885b-5b9e756420b0', 'Eire', '#3e2371', 'hzydsliaqpzkmbkwdrbpowskvgrlktewnxngszmrfkrsruzbszagdxgxnxgzynbelufuehwghxthufeyfh', 'Bamity', 'f71eaf93-745b-410d-91d5-300aee38279c', '2021-07-16', '2023-11-09', '2026-05-19', '2034-07-23');
insert into projects (id, client, color, description, name, manager_id, archived_at, created_at, start_date, end_date) values ('112ae1f4-fd52-4427-8324-e7d3e4f11828', 'Divape', '#5f660b', 'svzuehnqvxgmhnxouxutxaixbteykjrlmjmaevegshtuukgeopbjicmbiuabraiamkkluaddhdhoblqaun', 'Stronghold', '58be745d-9a20-4ff0-a54b-2fb2141dc9f2', null, '2023-06-16', '2026-09-17', '2029-07-17');
insert into projects (id, client, color, description, name, manager_id, archived_at, created_at, start_date, end_date) values ('74a56a29-dc18-4442-a6da-5ccce9fdfc8a', 'Youtags', '#fd0a47', 'tbxeppuiaomjwlsputwmzjubxeaaurmjevxxpvagjsjojndzwuxutiuafzmgsnstldrcxnbxfrxcpenwdc', 'Zoolab', '76ba47ea-daee-4bb1-a814-5405700c9b29', null, '2022-09-30', '2024-01-27', '2033-12-08');
insert into projects (id, client, color, description, name, manager_id, archived_at, created_at, start_date, end_date) values ('70c29f35-9edb-45ab-a158-4024aa8d7efc', 'Blogspan', '#dd584b', 'ixxoojnywvvkmkwnkanybhnnnbcikfvxhnmiksffffamfyrgmgymeehqiivzxljnebeqvpprsmzyegbkcx', 'It', '1667af38-4441-4ef9-88b7-73242c348779', null, '2020-06-23', '2025-09-28', '2033-03-15');
insert into projects (id, client, color, description, name, manager_id, archived_at, created_at, start_date, end_date) values ('b816c068-2f08-47da-afe7-46e59e517844', 'Browsecat', '#f6313a', 'lryukqulhmhbwcdbpxjamkzlgrfurlghghllqbkhluedjdfuiixueieekdgshnhqpawyswukctgsteqfuk', 'Aerified', '9db675ce-b001-4a57-a808-826c98edf7fe', null, '2022-02-10', '2026-02-15', '2029-05-05');
insert into projects (id, client, color, description, name, manager_id, archived_at, created_at, start_date, end_date) values ('e98d8124-0bc2-4b0a-a2b5-e49bc2eaf592', 'Teklist', '#7b707b', 'xdlyqenhvebvmsetgcquthxszgvfqqgjtraqzunojdrpowornidjcongekvnthzcwpyqznyjunblyzbvkt', 'Fix San', '1b8f56d1-fd6b-46dc-bf2b-dd4b012abbc9', null, '2023-03-17', '2024-11-08', '2030-06-26');
insert into projects (id, client, color, description, name, manager_id, archived_at, created_at, start_date, end_date) values ('41117847-0e07-4041-987e-372c095f88c6', 'Abatz', '#b653e9', 'sntxjgdjixzdzejreiraofkcfllzmskhpjopdysqvhiudnxlmnwwcycusylecbcrobkswfuomkdftmdpxy', 'Stronghold', 'b013c8c8-98d7-444e-9ea8-0c9760ae36d6', null, '2021-01-13', '2024-06-03', '2029-05-19');
insert into projects (id, client, color, description, name, manager_id, archived_at, created_at, start_date, end_date) values ('c00c5f32-c713-4794-9b6b-5e3783687c02', 'Yakijo', '#a47819', 'spgfwaepyvsojtvxnhmwlclkepvjxppwkpgmstvawsmmeqsttvblpfwuauenquwiiklpvmjfczbfgppdzh', 'Quo Lux', '72968079-af9c-44fb-9160-560ca0d52ae4', '2024-11-15', '2024-06-21', '2027-02-13', '2034-01-05');
insert into projects (id, client, color, description, name, manager_id, archived_at, created_at, start_date, end_date) values ('e6c10dcb-5fee-408c-9198-9810585bc907', 'Shufflebeat', '#d87d71', 'qnfoqzspzhvszkxghikxxfqjqmilypzbixahysydyvbgvuonxfjafchmocuslrdwbdryvsyxzayuewfhsl', 'Overhold', 'b209fc4c-74fb-4722-99ed-0eae1459ae35', null, '2020-10-15', '2027-09-04', '2032-02-24');
insert into projects (id, client, color, description, name, manager_id, archived_at, created_at, start_date, end_date) values ('9f7a4717-c5ad-4f79-acad-ded7c097923e', 'Ozu', '#6d03ea', 'trprcrwfrkglsmcltlzpmctzcbdhojmupbigbvkmrdvazgvyowzbkztfeyyfhenowjzulnpyftjfjqcecp', 'Zamit', '7d77d234-d99d-4939-bd73-34dc6d3195cf', '2024-09-08', '2020-11-01', '2026-04-23', '2032-03-28');
insert into projects (id, client, color, description, name, manager_id, archived_at, created_at, start_date, end_date) values ('25137a57-9a89-409e-a1a8-978de5730f59', 'Oyondu', '#df4d97', 'cyvueiakksgrlyzowrparakfskzqytymtmuzpzbhrvepygqpjrgceybkzkugeogqfzeidtpmmdmoqndncr', 'Regrant', 'c0f6e6d9-ebc6-4e17-8eef-1d39698f2231', null, '2020-01-23', '2023-05-09', '2028-04-21');
insert into projects (id, client, color, description, name, manager_id, archived_at, created_at, start_date, end_date) values ('cb6c7cd1-57b2-452c-b135-7f880230268b', 'Eare', '#298f9d', 'sudridwvknulowgscgdczzkbsfturujxahppysrcrkttxofdmqwcwylvttouomvpbtjydnqgvepozzlemj', 'Y-Solowarm', '0cec3c6e-5408-40d6-b9bc-45b4e03325c0', null, '2022-04-11', '2024-05-24', '2034-07-28');
insert into projects (id, client, color, description, name, manager_id, archived_at, created_at, start_date, end_date) values ('ed050e7c-7d2c-419f-b718-88fbc470e977', 'Youfeed', '#52e256', 'lyccnkaediaeogkuhemskvxaadnbbgqsqalbljdizysiqyxowxhaainryrourxncnfkodkpnxrhzzzlnmj', 'Konklux', '1a5afbd7-7167-4a87-9885-bb45a2fc32f5', null, '2024-08-21', '2024-01-06', '2033-02-13');
insert into projects (id, client, color, description, name, manager_id, archived_at, created_at, start_date, end_date) values ('e72d5c7d-0af0-4cf9-9193-c1ab6277c117', 'Kwideo', '#5a859c', 'jvleibmdfclgleowbdajmczuyukuwocwsojbfjjvttkndbaoohdcjskbzqiftytinvqmuytvitttftflrq', 'Pannier', 'a54fc32f-9baa-40ce-a57c-d6e6fefcf65b', null, '2023-05-04', '2023-06-25', '2030-07-04');
insert into projects (id, client, color, description, name, manager_id, archived_at, created_at, start_date, end_date) values ('0b57473e-b001-466f-b293-99ac80d7c30e', 'Flashset', '#caedbf', 'wqgbodotxsketqqkeguqmtdfqbfipvixyzymsyrqeajtqdqplrmsljmsbapmekqvqmzfgvatfmbsohxgcy', 'Stringtough', '102eb839-1b8e-4fff-a611-d33c92ed4cf7', null, '2022-06-08', '2025-10-03', '2030-06-08');
insert into projects (id, client, color, description, name, manager_id, archived_at, created_at, start_date, end_date) values ('b92b289c-b1d8-4822-829e-c9774d9e3e02', 'Zoovu', '#138c7e', 'qmhilpwfstdztiuxsvdixsqgnpqwpugnelocaklubrrhmhnfmorsdxfkamvybaxutjcflrfrunzqujpegy', 'Biodex', 'f85ea156-1e3c-4b63-bbaf-2f80c94f7c46', null, '2020-08-08', '2027-04-05', '2030-10-15');
insert into projects (id, client, color, description, name, manager_id, archived_at, created_at, start_date, end_date) values ('b3414e7d-154d-4f5d-a1d1-15ece806c907', 'Reallinks', '#70f69b', 'njdvuawyxwgxvmjyievjpelvmgpkxmebyqjfrgqsprmfqpmcbgfnklultxyhdttzozckavarpkdmjoqcei', 'Voyatouch', 'b991e5f9-7d3a-454b-ae10-e8af6f26f93a', null, '2020-04-15', '2024-04-05', '2034-11-05');
insert into projects (id, client, color, description, name, manager_id, archived_at, created_at, start_date, end_date) values ('ff9703d9-0f78-402a-8427-1d11b162f6c1', 'Demimbu', '#10a3ff', 'xdhtrughgibiewvublkzeozfrcfvjceaqaeuocvpnpmmxfrzdqjrxpcirxrrxvknqknzwcigckclkorkmf', 'Bitchip', '53458a42-4fc5-4c32-a2fc-6166fda757ec', '2024-08-03', '2020-02-24', '2027-05-19', '2034-10-01');
insert into projects (id, client, color, description, name, manager_id, archived_at, created_at, start_date, end_date) values ('ad401bfc-ea35-48f6-8f8c-47a93d48abc3', 'Rhynyx', '#8363a0', 'dmwtyxobzsrxczihdklikxjeubrcxfcdaleyoqvjyarqgoxqhmblyfodndydvqasfqvhhuzgegrzdloonr', 'Matsoft', 'e21bcc56-7344-4c0a-a11e-f4a8e332a989', null, '2021-04-30', '2026-03-02', '2034-04-17');
insert into projects (id, client, color, description, name, manager_id, archived_at, created_at, start_date, end_date) values ('308282a7-8c06-4522-97a8-408d7b3c3668', 'Buzzbean', '#8ee784', 'fqnkuaoaypyrldragczwxkazksnsfvspltokzvejihhhsuawelbmowkectswzuwwisytksqrwjpiomsefu', 'Sonsing', '63cb20aa-35ee-41c8-be8e-9941d02e01ed', null, '2020-05-29', '2024-10-23', '2030-03-04');
insert into projects (id, client, color, description, name, manager_id, archived_at, created_at, start_date, end_date) values ('5a509ec2-c9d4-4227-83dd-3ce1934c86e2', 'Agivu', '#ce4006', 'ifhiklxybhvqdcotleshwgyjxewweslepgtboitbzcbhkcyjkmtxrmavdiulqcjkkjcwjykjzewckiizls', 'Tampflex', '0390a29d-fe36-4cc3-ad98-171fe4a0fcdd', '2020-05-09', '2021-09-14', '2025-05-14', '2032-02-06');
insert into projects (id, client, color, description, name, manager_id, archived_at, created_at, start_date, end_date) values ('2094f7d3-ad06-4255-8342-890510f14086', 'Feedfire', '#64cec7', 'nzfigckpgucywrbodbetzefambhnqvjzipesjvtcuwsrlusvtuaqnpeienojlelzgvidlppuzfkmgladai', 'Mat Lam Tam', '1144c757-39f7-47b9-aadd-abacdfc60efd', null, '2023-01-06', '2025-08-04', '2033-08-31');
insert into projects (id, client, color, description, name, manager_id, archived_at, created_at, start_date, end_date) values ('2dac61df-45a0-4b53-9238-3dd227c6f48f', 'Voonder', '#b0153a', 'lwposwujnxueeokhriygddbwxmfikbkzhhbavtfzohswrlxyumylldmsliclugwjxecfgpmmefiuykgssp', 'Ventosanzap', 'b53ce052-532c-49fe-9dbc-7982ee5ae5a1', '2020-04-19', '2024-12-13', '2025-08-20', '2034-03-29');
insert into projects (id, client, color, description, name, manager_id, archived_at, created_at, start_date, end_date) values ('f2413457-a612-4318-9238-707d04083753', 'Mycat', '#eb0a20', 'rjtyeziamgiubpgyhkhznnfqtgtfmdpfpahcigyfepthedfwpawohckvmryfbgzhytprrvzjuoleujdvze', 'Rank', '36923fa5-e93f-4429-b502-b340509da77d', null, '2024-03-12', '2026-05-04', '2033-11-29');
insert into projects (id, client, color, description, name, manager_id, archived_at, created_at, start_date, end_date) values ('3afd866d-0ed2-4af1-8559-745feacd74a8', 'Bluezoom', '#ccfae2', 'hidlypaslnhwaaxlprqhboskqeijhwqybtuhsbyswwtomudurwucoiyuhcpkdpxmgxbtjvoprullhnjulq', 'Asoka', '0be5400b-f769-4104-9d19-f887ea546dfe', null, '2020-01-12', '2026-06-12', '2028-11-05');
insert into projects (id, client, color, description, name, manager_id, archived_at, created_at, start_date, end_date) values ('4809a3ce-2e3e-4cd2-b6be-1d34180513a0', 'Twitterworks', '#d489c7', 'ahjnkxtmgtsbghdbloueldmvtxamjkntxxribxxvqlgalpwteoohwgstvcgkclwhlfxpoeqwrqyxyukhtl', 'Cardify', '5f247840-b120-4e8c-89ba-cc3297521ce3', null, '2021-04-12', '2028-01-31', '2028-03-28');
insert into projects (id, client, color, description, name, manager_id, archived_at, created_at, start_date, end_date) values ('ca45a856-5eb1-43d0-a4b4-2480413164ac', 'Camimbo', '#d3841e', 'kbxkjkvighqqbicizcxnbltibgxhtdwslknbokvfvykdoohdpuerdevanmcrutkizflsqinulfmdtpbber', 'Tampflex', '8abcec34-90b9-4f06-851f-31d9b6a78320', null, '2023-02-28', '2026-05-02', '2031-01-13');
insert into projects (id, client, color, description, name, manager_id, archived_at, created_at, start_date, end_date) values ('7e40ddf1-7db4-4613-b3a0-76a5405259b4', 'Bluezoom', '#3f0318', 'aojuavlpmltgypscjjhcydaernpyzqfnqjwdxtlylemrvnzghbiiiudpxkrdxgrkjhblasploslxzbrnow', 'Duobam', '415f1c2e-81e9-49c0-837d-2e1b52bc69bb', '2024-11-01', '2024-03-18', '2024-06-28', '2034-05-30');
insert into projects (id, client, color, description, name, manager_id, archived_at, created_at, start_date, end_date) values ('a9119eff-6f84-4ec5-9c4c-ea5cb41d0465', 'Wordpedia', '#5e7714', 'dgcusamrajviwqdhocvovklkafhfrdcflwdtksfuwxblfpdbpknhesachecpuahzirwgywrtpaswvgeodf', 'Wrapsafe', 'da207d14-126a-4810-a14c-95babfc12733', '2020-06-19', '2022-07-16', '2026-04-27', '2033-01-23');
insert into projects (id, client, color, description, name, manager_id, archived_at, created_at, start_date, end_date) values ('d15d658e-2e64-430d-900b-39265d6a66e7', 'Meejo', '#008643', 'kweezlkveeoynppzrdvuygcksfhzenudgdcmfdxfkqxjoekdsxcpkjferxavsdhvxxuqurodwkzqfkxkmu', 'Aerified', 'f9a40468-dfd2-4612-971e-46bc302efb7e', null, '2023-02-03', '2023-07-07', '2031-01-18');
insert into projects (id, client, color, description, name, manager_id, archived_at, created_at, start_date, end_date) values ('fea374be-ede4-4928-a867-1910c18caab4', 'Avamba', '#99e25b', 'gcxhngupatkheeuxtwnwpozhexsjymksgchkugyhpfndcecbcfqrwthevyoiperrsokbdjtxtzckmqqjnb', 'Zontrax', '36516f6f-5fa2-43a8-8bdc-c68ac7aa67ce', null, '2023-09-25', '2025-12-30', '2031-05-02');
insert into projects (id, client, color, description, name, manager_id, archived_at, created_at, start_date, end_date) values ('a0c6b97a-6179-41f2-bb0b-0513f096d315', 'Kwinu', '#108e11', 'qmpkuoacebxanuqdsixywfszkqurknbixlraefriymwcsvakvfayjwwqvgwwzksigzctzewdhkvhrxazdb', 'Opela', 'd143a812-7756-4d13-8fec-2400c01c683d', null, '2020-11-28', '2027-06-13', '2032-06-22');
insert into projects (id, client, color, description, name, manager_id, archived_at, created_at, start_date, end_date) values ('4ef2e1ea-b0ba-47c5-abe5-8ca7fa823abd', 'Twimm', '#acfbf3', 'lktfpzwsfglijdgdeecvwgulsvvqcecueojvqhfimjlbfkuzgyskkrqqghdiuymdwfzfvkkkbczusrwaaz', 'Flexidy', 'e60bdc98-da04-4dc2-8ed3-7fe6ca9d0123', '2023-05-20', '2021-08-30', '2024-06-28', '2028-12-03');
insert into projects (id, client, color, description, name, manager_id, archived_at, created_at, start_date, end_date) values ('dd1a04b9-5fb2-4579-a5ef-1f7afc9b93ad', 'Quatz', '#cd92a5', 'srxzplietacdtqsygjkfrhvlobccmvzhrhtygyqyxmolutoihbowihfqkfuogayfhieqlhqpwussjxmjoo', 'Mat Lam Tam', '43e17114-e217-4941-a0be-91ceb1a8cdc3', null, '2021-02-10', '2023-12-28', '2031-07-21');
insert into projects (id, client, color, description, name, manager_id, archived_at, created_at, start_date, end_date) values ('89717e00-faff-45f8-a390-1baadab82f9c', 'Gigaclub', '#1d3e8f', 'qnfqfeadklryrzrrksxqkbskfedsqrmjcglrvqmqqhcfwymbdaladfgophaffizkvfpazegnzupxzfxgec', 'Cardify', '7d90ac23-f1f8-4421-a576-4a40147008cb', null, '2024-08-06', '2023-12-20', '2032-11-08');
insert into projects (id, client, color, description, name, manager_id, archived_at, created_at, start_date, end_date) values ('0a8fb5d4-8fac-4eef-94dd-8d02c2f799ba', 'Thoughtbeat', '#5afd39', 'kfirounjrovakbbvyugimpovzcevgvdhkcqdhksruygrqzstzyvmeqzbqthayzjoyqpsdfwadccidppvge', 'Matsoft', 'b8bfe6f9-7cae-47a4-810a-ffb542812a30', '2022-04-01', '2020-08-31', '2027-12-26', '2033-10-27');
insert into projects (id, client, color, description, name, manager_id, archived_at, created_at, start_date, end_date) values ('35136b35-3c11-4ac6-ad8a-c25cbad0d093', 'Teklist', '#9c84eb', 'oijwkkwieqlwnllehvyrlltkvpdfvusamvsoqpkqtmjydvveemqvtblqsansuzmaezkpzuldfzauoeuowu', 'Latlux', 'bb3f1124-f0bc-4cf5-aab9-fe8c71209a50', null, '2021-05-19', '2027-09-21', '2033-08-31');
insert into projects (id, client, color, description, name, manager_id, archived_at, created_at, start_date, end_date) values ('47cb3241-aec1-4b09-8b31-bf049c4f2dbb', 'Jazzy', '#71a809', 'eejlagycuqcvcnwgjksetamnzckgkteeasgxlveniebfchyzdeevossqkysekoylvbwawwasvirnjijslk', 'Y-Solowarm', '6452cb2c-86af-4d41-ad06-cf97cc3ed5e1', '2022-01-22', '2024-10-24', '2026-11-12', '2029-01-02');
insert into projects (id, client, color, description, name, manager_id, archived_at, created_at, start_date, end_date) values ('d53ba2c6-c762-4859-b2c0-f3586ae9d3cf', 'Voonder', '#c22ae6', 'ajkcnevkfmmlhgugsfewitumlikbnphvlilfzguivwfaxdqnlqdxdflbzvfwbvdzwdzccjkdahxlkisfkr', 'Zamit', '85310419-f098-447c-b066-5aa7a4aeaecd', null, '2020-02-22', '2024-02-06', '2032-02-29');
insert into projects (id, client, color, description, name, manager_id, archived_at, created_at, start_date, end_date) values ('76d9b605-141c-4f20-8ae4-8838d43d3883', 'Flashset', '#7e843c', 'imfpsdicgaizkhwxnsklwbkdhvsserspgdxxcraptbswawsnfdgsorasrbbskmiezupwfikwiftenwoeho', 'Cardguard', '1e7e5ce7-860f-4c49-9c74-d43471ef6149', null, '2020-02-12', '2025-07-16', '2031-07-16');
insert into projects (id, client, color, description, name, manager_id, archived_at, created_at, start_date, end_date) values ('6eb4940f-bc4d-4fa0-a297-5262b16345e9', 'Skiptube', '#5bea95', 'dwoegxjizxfjebdrampmuhubcjhlgvoqbomjdyuylugaxqtyeturkbudisdyzwpepnbccblbcrmclsbxrq', 'Latlux', '3e5ddbfd-7161-432a-ad4d-228fe316bd90', null, '2021-06-27', '2023-12-04', '2033-08-22');
insert into projects (id, client, color, description, name, manager_id, archived_at, created_at, start_date, end_date) values ('aeaeba61-409d-4abe-ae73-ca7b73b246cf', 'Vidoo', '#eb014a', 'irysnklzwphdryckpudbixhbdxogeqqlzajqedwheeufbbmjslxyspzzneknpqcmjtlyyaxftnsetrhhuu', 'Y-find', '76662592-ca91-4480-899e-146cb90e807c', null, '2020-02-05', '2026-11-25', '2032-02-28');
insert into projects (id, client, color, description, name, manager_id, archived_at, created_at, start_date, end_date) values ('e8a12a83-beb1-441b-bd62-b0cc0a62f2a2', 'Fivespan', '#e8c6cf', 'fhaqwochtxyuioebqzgdbnkxxbnkaekvtaaaobarmyentfdyqmszhsjxrdivcuoifrvaebjhomgyoexzmz', 'Prodder', '9cb1775c-6b1a-42ea-af3f-87cecc7707a5', null, '2020-10-06', '2023-06-07', '2032-06-29');
insert into projects (id, client, color, description, name, manager_id, archived_at, created_at, start_date, end_date) values ('6c44c1c0-d27d-4283-9af7-3219ec170bb3', 'Quinu', '#28e29f', 'dvwbkqgkzsjalhxsgppovzhzrrxrrytxliiixynwtybeoebcnbpziztrssqajzpdyoyflulzaybjuqqiqk', 'Y-Solowarm', '01ad1016-f537-49d4-8341-a837fd70e98a', '2024-08-19', '2020-01-15', '2026-09-21', '2032-12-13');
insert into projects (id, client, color, description, name, manager_id, archived_at, created_at, start_date, end_date) values ('47bebabb-e4aa-4a8d-a832-f15be7b4fa1e', 'Yambee', '#e70f7a', 'capilhxndmftvnuczukkxxgdjvcpctbrvboswgsyloverwyihlfjmwpudezzmamtwakiqnuxceddgmguko', 'Prodder', '51547561-f31a-451d-9066-c9a67b0c5e4c', null, '2021-04-16', '2024-12-27', '2033-04-08');
insert into projects (id, client, color, description, name, manager_id, archived_at, created_at, start_date, end_date) values ('f8fd21ab-1204-4c19-af8d-5560d582b751', 'Bluejam', '#ae8649', 'llsnaygkpubutdihngbqbqwrzvrvhxvreznvimjqsoimdwhxditnlhggkwrlrkdmihtgldywtefqlbhzab', 'Bamity', 'abf49bfa-a3a6-4358-b534-73988dd2930a', null, '2020-06-08', '2023-04-26', '2033-04-14');
insert into projects (id, client, color, description, name, manager_id, archived_at, created_at, start_date, end_date) values ('6aac9975-8192-4f8d-a143-7395a6ca4c68', 'Snaptags', '#5cb2c2', 'lgysctiazpperytoasmfpxwrbupailaubxvbdhjtidivjuhplgiytfgfxhnshanjbutoglturupseiyddy', 'Matsoft', 'eff4c279-7c9d-48fb-b76c-d35fe6c41812', null, '2024-07-26', '2025-07-03', '2031-09-25');
insert into projects (id, client, color, description, name, manager_id, archived_at, created_at, start_date, end_date) values ('7eb123bb-f57a-4891-bff3-09a68a8c6b10', 'Jabberbean', '#f59a6b', 'giqkxreqwcigcsvyfnmkcirofedjbhtarywwagprheoyuyzmdptlectcwdcwfwaumeetckulwxohjcuqfm', 'Otcom', '6720be4c-5276-473a-a047-eae6757b26fd', '2021-04-24', '2024-05-20', '2026-12-13', '2031-01-10');
insert into projects (id, client, color, description, name, manager_id, archived_at, created_at, start_date, end_date) values ('e015f123-4722-4196-bcc6-9fca5f9722f3', 'Wikibox', '#ed21f4', 'rhimktsprercaxiseujmpfjidufroakativgjnfgrwowokmzmlmvkiezwubrgfdnuqnqqkzstpqtewuvzq', 'Wrapsafe', '4d6c26d1-eaa1-4e90-881d-d866d7577aa0', null, '2020-07-09', '2025-07-08', '2030-06-17');
insert into projects (id, client, color, description, name, manager_id, archived_at, created_at, start_date, end_date) values ('83a5e43e-6cb5-456d-8af5-dc011d889184', 'Podcat', '#cf4f59', 'xlxpoojwcpwnubhgrjqsktuoaxejiruxyabyunanhxgyoclsgbdkqrrohrbjaddvezyqlrzewzrhuvjsds', 'Namfix', 'c98b50e2-c15f-46de-90de-65c282d9a14e', null, '2024-10-13', '2026-02-15', '2030-11-03');
insert into projects (id, client, color, description, name, manager_id, archived_at, created_at, start_date, end_date) values ('06a94ede-fead-4846-9adb-bf9c57450b76', 'Devcast', '#fc9023', 'bsahqrrgjfouckvkznedogtjdtgnsgnlrwxgkoqrtcvfnlqqccgrgjbtbjxtchrsncxfytpoqnvtieovsh', 'Job', '37a051a6-a4c3-4c9a-ae27-b635a8253c0f', '2022-09-19', '2022-05-18', '2023-06-08', '2032-06-12');
insert into projects (id, client, color, description, name, manager_id, archived_at, created_at, start_date, end_date) values ('efe35c24-4ad2-49d7-bfb6-033b65bce056', 'Blogpad', '#5d5be6', 'ohvtxjkrzafobtsmzutrrphnzshsnferoocivtwrlvnbvffqcrvgcnbjuobgwpsxvyjklxkfadblpbltcx', 'Duobam', '5ae19ac6-b76e-4663-9da5-2b3b8cdceb12', null, '2022-09-09', '2026-12-13', '2030-04-18');
insert into projects (id, client, color, description, name, manager_id, archived_at, created_at, start_date, end_date) values ('95e36f5d-bdad-435d-8f49-d16100f24be0', 'Livetube', '#3e64dc', 'amvdnczlcwdlilealldzjolsksyohyyeguwrlxnatzefpgrcekovyrtascifesdyacylqgacotqxhgliai', 'Ronstring', 'eeff4075-f084-4a83-a0d6-1010038a96b0', null, '2023-05-11', '2026-07-26', '2031-05-02');
insert into projects (id, client, color, description, name, manager_id, archived_at, created_at, start_date, end_date) values ('8d889fab-3966-4315-b648-aa86cc6a4a0b', 'Skajo', '#178fa1', 'wgfxiamxtdamrggjkcdscpivxqhwwakcwbdnkdwgjkqnnutajytpoeaunnafjghlbdocisjvlelerqraol', 'Zoolab', '1438fe82-ffaf-49f7-8b26-28c63de6191d', null, '2022-03-15', '2026-12-14', '2029-02-01');
insert into projects (id, client, color, description, name, manager_id, archived_at, created_at, start_date, end_date) values ('83d52e9b-18dd-46f3-bc76-44dae47b9d99', 'Skajo', '#856fd2', 'thawhkeovmbokvmoynxcicxriiteincocoxztkirvueserdmrzetqfljldebqyzanvhabxluqzouixclkr', 'Subin', '6ca39056-2628-46bd-8b20-4b11f680aa28', '2022-05-29', '2022-04-04', '2027-01-27', '2033-06-28');
insert into projects (id, client, color, description, name, manager_id, archived_at, created_at, start_date, end_date) values ('c9bc6658-43f4-4f75-b846-f74bf60bd2f7', 'Camido', '#a6a45d', 'jwktsefeiyaznzjqkaddwrypbnddvchzimakosisovicrttmaeqpslfbyfmpjzcqqnvtwbcnqmwnejbipg', 'Zathin', '281cfb75-deda-47ed-ac28-72297b826c41', null, '2021-11-22', '2027-07-10', '2028-07-06');
insert into projects (id, client, color, description, name, manager_id, archived_at, created_at, start_date, end_date) values ('72fac9ec-0873-43e5-a633-36aab6be124c', 'Leexo', '#5c23ca', 'zhfpqcyfgctvyfsxkhndntsapmnzomceintcrirgrovilucnehxbnqxgjcdcftxqsdctwplmdsyrlhrolz', 'Bytecard', 'b3d32601-ab01-4d30-97fc-0f3cdd256d66', null, '2022-04-04', '2023-03-03', '2030-06-07');
insert into projects (id, client, color, description, name, manager_id, archived_at, created_at, start_date, end_date) values ('62c1ddaf-5ce7-46de-8f95-19143d270dc2', 'Voonder', '#6bb8a2', 'ajcmupbarsfiqkilgcqosfyzvmxnzcchyhnktetljdqaxlvbwwiigfihooxktjhziwdpdickaamllvkxhw', 'Lotlux', '01b12183-7e3a-48e4-adfc-96ca9623bcd7', null, '2020-10-26', '2026-12-25', '2029-10-22');
insert into projects (id, client, color, description, name, manager_id, archived_at, created_at, start_date, end_date) values ('4fcfd0f3-812c-4a39-83b2-317e4247bce5', 'Tagchat', '#17f60a', 'ychtsrrpnhqatxrhtcdvzrgydrnlkyqrskcfeyvprvltdwpqbllhzgzrwwaypiceyhjacfezzzuxappimz', 'Bytecard', '5d52b87d-0967-4027-95eb-ac51a0855a6e', null, '2024-03-09', '2025-09-25', '2029-08-23');
insert into projects (id, client, color, description, name, manager_id, archived_at, created_at, start_date, end_date) values ('63b8a8bb-4bbd-43c1-bc7d-3c19bd14d1e3', 'Tekfly', '#1d4f51', 'omlehkyfyzxfpugpahkmkmbvxjoxcmimjhbvgwddlsvfyxpqghyfvakkmectghqicehkkexruarirhwlci', 'Bytecard', 'a0e45313-1108-4f99-8796-2fdbce50658e', null, '2020-05-18', '2023-06-17', '2034-01-05');
insert into projects (id, client, color, description, name, manager_id, archived_at, created_at, start_date, end_date) values ('2b819863-1768-4177-947c-06b6bf0b296c', 'Zoovu', '#c3a79b', 'jlbmhvcyzufqiknaqgvxzzaadlhscebpetwbyhkojarlprauwkyvthjwencznbcpgulfdqraapazeicqvk', 'Tresom', '4630bbe0-189d-43c6-8e46-712e77c3b740', null, '2020-12-28', '2025-11-28', '2029-01-02');
insert into projects (id, client, color, description, name, manager_id, archived_at, created_at, start_date, end_date) values ('bba988be-00d8-43b9-bf7f-ba69a12144a6', 'Kwideo', '#5134ea', 'kphbfpnsgtmarzqlehimdfgeqtfzdcexhrfxxwbbdkbeerryqdhjlowkodzwswaahxobegumvofhazlvxd', 'Aerified', '1fccad42-e6b6-4568-9b95-62f95112afa5', null, '2025-02-10', '2027-01-21', '2031-03-17');
insert into projects (id, client, color, description, name, manager_id, archived_at, created_at, start_date, end_date) values ('53715aac-c8da-46bd-8352-f0ae7abe1b39', 'Oyonder', '#b526e1', 'meesveyosqgnlrwdhuuoohyaprlkmjyesccsaprbnijmlqwtjklekslfbwnwvbzpkvttvefslpwidgwkdn', 'Quo Lux', 'f6988d26-8680-4849-affd-3c3ea805e25f', null, '2024-09-07', '2024-12-08', '2030-12-14');
insert into projects (id, client, color, description, name, manager_id, archived_at, created_at, start_date, end_date) values ('5ab34c3e-1f91-40e4-87fc-7cee8d832308', 'Jetwire', '#40f6b6', 'eyxodewypgczhbxpzfyzwcuhymqperwflhoarfcbrgpfgsuivpmxtbizpwfdqdppgwvpiikwohdibngmko', 'Home Ing', '65e979c1-45e5-49e2-a223-8694c6bef55f', null, '2020-05-13', '2023-06-11', '2031-07-12');
insert into projects (id, client, color, description, name, manager_id, archived_at, created_at, start_date, end_date) values ('2b647330-73d6-4fff-89d4-ce654b7bf6cb', 'Dabjam', '#02adc4', 'ogmncqjdxtuaiuribnqilqhxrxufbhorvoqtluhsvyalnmqyjsgdotekzwbrhfpqtyieqhowunvzcdvkte', 'Ventosanzap', 'ce3ed810-9e08-4a6e-87ca-76985fdf5ba9', null, '2022-09-16', '2027-02-24', '2031-07-03');
insert into projects (id, client, color, description, name, manager_id, archived_at, created_at, start_date, end_date) values ('ffbece1b-1cec-4f10-8e8e-088f319a7b89', 'Babbleset', '#957d65', 'tbamobrihykkhkfghkqslpwfyvqjtkpmmyuskbnkdejhxmjrckhohziedngbnisgtytajkbtylxsakyban', 'Andalax', '6a9f6d98-a414-4ffe-87cd-cab4059417f9', '2024-09-12', '2020-09-13', '2024-12-27', '2030-07-09');
insert into projects (id, client, color, description, name, manager_id, archived_at, created_at, start_date, end_date) values ('2dad9373-48d2-4a85-9050-8dbc20010e4b', 'Aimbu', '#030a0a', 'jzckiojdacjdjibwglrhbwhnavmvobxvhjnwwimxluqkrdwebxxsctlymrxssbalejsxklvaqzxnfsoaxi', 'Konklux', '31e9f2ef-ee84-45ed-84be-b2f9646eb763', null, '2020-12-31', '2023-08-04', '2031-04-24');
insert into projects (id, client, color, description, name, manager_id, archived_at, created_at, start_date, end_date) values ('e62b2505-7ad1-4324-b239-e83104d767dc', 'Jabberstorm', '#d3be6b', 'kltqetwlnpakbhqyfahdnctdqvolmxytobnpkwamifxjjcfxwcjvkslvxqoijswgjrypmnhepypjaccuuf', 'Job', '7d1a366b-27ec-43c9-8fa9-e2903b617d20', null, '2021-04-10', '2023-06-10', '2033-03-16');
insert into projects (id, client, color, description, name, manager_id, archived_at, created_at, start_date, end_date) values ('c78b5fe4-4368-4d9b-9284-214a803dd424', 'Trilith', '#4110f1', 'hitpvbvuymjwueamuxthvgxzpbgkouqyrksabsqufllbxqxaoiwrttedwxcamjqizqffnzoarbhhggffjg', 'Flexidy', 'd247024d-2be3-4e6b-9a20-baf46616eced', '2023-03-09', '2020-06-08', '2027-04-28', '2031-11-08');
insert into projects (id, client, color, description, name, manager_id, archived_at, created_at, start_date, end_date) values ('edb07471-7cd9-4368-b8b9-1df88ff43666', 'Tambee', '#152da3', 'ogwksbmdqdbltqluorcyrgpbkyarajqlnvahgrzfoqijismsuhzukqugbfiopsfdvmluqnfrfizkpxwznb', 'Zontrax', '4d89c0f8-f424-461f-a867-b943885a2de0', '2023-06-20', '2020-08-20', '2025-05-12', '2030-04-20');
insert into projects (id, client, color, description, name, manager_id, archived_at, created_at, start_date, end_date) values ('8c6748be-c3b9-4011-aa3b-d905642bd3f6', 'Eabox', '#eb2548', 'btvdesbhmevnmntjpoffechleaurpfrvtuycranjfnjimxdaqftajcvqkasxyowxfjrdxdmoyguvprcqdu', 'Redhold', 'ba17a658-6bf0-42d5-9e2e-508dbd4d8ea6', '2022-11-16', '2021-05-17', '2027-11-20', '2028-08-09');
insert into projects (id, client, color, description, name, manager_id, archived_at, created_at, start_date, end_date) values ('74cdfebf-1d59-41f8-ade5-f7cc28e5a310', 'Jazzy', '#5d1de0', 'frvbibrsebcinbkpvuhvtdrerpvkacymktmgcmvgxeogjxnhdwduugzoszvpdtbhcznrwyyikprpbfjbca', 'Quo Lux', '8986fe73-a72b-4986-8376-400f98883c00', '2023-07-26', '2020-11-16', '2025-11-20', '2031-09-04');
insert into projects (id, client, color, description, name, manager_id, archived_at, created_at, start_date, end_date) values ('229f2d3f-1b33-4a44-b3c4-7398c402a06c', 'BlogXS', '#a57820', 'ylqzuzzrykbwpukopfkhobezyidivcbywqpxiphkicmchgdgcycokkuuloxdlfxvhsuovvxotbofgwiskh', 'Redhold', 'b2ef574d-5f2a-4317-8fa6-02af82d6281d', null, '2020-08-14', '2027-05-28', '2031-10-20');
insert into projects (id, client, color, description, name, manager_id, archived_at, created_at, start_date, end_date) values ('6fad297a-a417-46d4-ba3b-961a4ff90646', 'Katz', '#f25793', 'tgacqjbcjgotvlhciwoihyivaigozbxwxherbajacrtgfgbichghbzopfugobznyqfkumamxthacetzjve', 'Otcom', '3bce3b4e-ad73-4e8a-904c-10ab52c72ea9', '2021-06-01', '2020-03-04', '2027-07-06', '2031-08-20');
insert into projects (id, client, color, description, name, manager_id, archived_at, created_at, start_date, end_date) values ('7f8562f3-2568-4044-a478-408f8ebd3ec4', 'Feedmix', '#d74bba', 'nyyijzvbzigtsavxeydxapvfvltatajtohtmdffucbjimvaktrziudoctvvcfemejyvpvncdjevhaytjrs', 'Bigtax', '4e3963d0-a265-49cd-9af4-9afaa932d518', null, '2021-02-27', '2024-03-23', '2033-04-24');
insert into projects (id, client, color, description, name, manager_id, archived_at, created_at, start_date, end_date) values ('bd51a748-898e-436e-9947-5dbbb024c763', 'Thoughtworks', '#3ecd1b', 'jjgaswcwcklcaxyqjbgofeotufekvqatzgynzxqfsnpveckjqhimxlnajcfsbyczwgzskytmlbyesmaulc', 'Trippledex', '8b5a6427-b9ab-41a7-be7e-f8e5276c45df', null, '2022-08-02', '2025-07-02', '2031-08-25');
insert into projects (id, client, color, description, name, manager_id, archived_at, created_at, start_date, end_date) values ('9aaae62d-65cb-4b19-84c7-ed48aee37c9b', 'Yakitri', '#509c55', 'vkxzycaqqfxkpntamwnxkcaggatykemzkxpcjenhxhhktjijgxcrzjphqdqdeupqedabivyfdtbpodwknx', 'Bytecard', 'ec14214e-3e7f-44a9-9292-dd342d4aa502', null, '2024-06-30', '2024-05-02', '2030-06-28');
insert into projects (id, client, color, description, name, manager_id, archived_at, created_at, start_date, end_date) values ('c769ee20-0c35-48f2-a543-b284cecae0b7', 'Bubblebox', '#446d92', 'vuwhxfidlxukvkajhwagstqimpuucbirtismugjspppmvlcdtoxnmurlqrnzqiqujppsauauvgcdnhypif', 'Tempsoft', '128cffdb-cb5c-46d8-a396-add436eeacda', null, '2023-08-10', '2027-02-26', '2033-05-25');
insert into projects (id, client, color, description, name, manager_id, archived_at, created_at, start_date, end_date) values ('94416a6e-9b10-4639-96bf-907b457412a0', 'Topicblab', '#9c4d9e', 'mpbxworxcvrefiegvyzekwjhequtcxnlguoueybkbgrmnoirzauoqeyeyrzwnurlgjrcutueakbclxqyty', 'Alpha', '1c6f259d-4d05-44b5-ae15-e6609292b87b', null, '2020-05-07', '2026-11-01', '2030-01-05');
insert into projects (id, client, color, description, name, manager_id, archived_at, created_at, start_date, end_date) values ('13f3a28a-0818-484f-b8cb-446d93482c7e', 'Yacero', '#f45869', 'vrsghpjxfrmhnaocomnzsfwttnioanbzjbkibwwdtjajigvvpehuiwhagnxpfngibdrnjzyhpqgdoefkyy', 'Fixflex', 'e4c68f16-cd41-4dcc-a1c1-dfb09a33f0f1', null, '2023-02-23', '2025-12-23', '2034-12-14');
insert into projects (id, client, color, description, name, manager_id, archived_at, created_at, start_date, end_date) values ('6cb4d4f2-4ea7-41f6-846c-ba7aae1e79fc', 'Youtags', '#3cd44c', 'gyfohaunhyqzuefrofxggcwyxyilnblecujvjvbiwnhmyagjtknluueknzhvcrocwcsqjpxdnaqeyjjavj', 'Sonsing', 'ddf3974c-e87a-4f61-9cb5-cd5e63a75b5b', '2024-07-15', '2023-09-16', '2025-10-26', '2030-10-13');
insert into projects (id, client, color, description, name, manager_id, archived_at, created_at, start_date, end_date) values ('8b9ff584-c25f-4b43-9036-ae33c9710e5d', 'Browsezoom', '#5277cc', 'zvfkfjpdxouysahhgdhkbqpllzhcekihkscdajjhavxbqehcvrbmjwougdujocwydsgrcpjhojrtyafyco', 'Overhold', 'bf4b3981-5ad9-44ec-a993-4eb230357dd7', null, '2021-08-26', '2026-02-16', '2033-05-17');
insert into projects (id, client, color, description, name, manager_id, archived_at, created_at, start_date, end_date) values ('8e92cb36-17bb-4430-9431-15002560d76f', 'Realcube', '#ff4e9c', 'nvyyhqautrubsphezsaslcqwkffpahrequaxyuwmvseeavwhckwslzftveavsorpidyxfekejtmzansrte', 'Lotstring', '86cca2c3-ef7a-489d-8a6e-8224a4b45b88', null, '2024-10-15', '2023-04-19', '2028-07-06');
insert into projects (id, client, color, description, name, manager_id, archived_at, created_at, start_date, end_date) values ('efd51702-94a9-4518-91b8-e5c58425a9e8', 'Kare', '#8c3f33', 'gzcdnykmydgsqfvihcpfgckubjvlshqpbjqgllpkdefnnoljhcgjmjxarolyfhxhhnehilwkkymcgykfaj', 'Zamit', 'ae677660-3101-4bfb-a673-eefca7c4c924', null, '2023-01-12', '2024-06-25', '2032-08-16');
insert into projects (id, client, color, description, name, manager_id, archived_at, created_at, start_date, end_date) values ('07d6c1fa-8af1-40cb-bd91-7e3de1bd9c2a', 'Yoveo', '#78e4de', 'pfneiplofkpbuqwlfykhhilkvgxewdjdcmzmsyitvcjzzxdqwnfslksxbtqukuopgrwjbwxwfjtfuponta', 'Mat Lam Tam', '2eb6705f-28bb-45db-8724-1528076ee141', null, '2022-08-10', '2023-01-20', '2030-11-01');
insert into projects (id, client, color, description, name, manager_id, archived_at, created_at, start_date, end_date) values ('48f849cb-02bb-4d02-91fd-c743afa6e7ca', 'Twitterworks', '#01fc1e', 'uicrwxeqecvvfcxywglmfvkgukztgyvfjwynsbqksnkaupkooqfsdltzpxbmmexsikhhpgqueznuvgwibc', 'Flexidy', 'e53b70b3-9bbc-462a-b3f7-1d4b0c703635', null, '2020-11-30', '2023-11-24', '2031-02-15');
insert into projects (id, client, color, description, name, manager_id, archived_at, created_at, start_date, end_date) values ('f2b76945-cbc0-4c28-ace6-f16df326e055', 'Cogibox', '#99952c', 'pqlvqqrilnyuvwsiopgqmcldajtopfwvxasxqvjekcawspotrzfsceybfimirkgguahdtpmlgvoowxcbeg', 'Toughjoyfax', 'ae9bf4d6-ab00-4efd-a5d0-f3a094e08bb5', null, '2023-11-15', '2025-10-17', '2031-12-15');

insert into search_profiles (created_at, start_date, end_date, experience, id, manager_id, name) values ('2022-02-05', '2027-07-01', '2032-12-20', 4, 'dd6b74a0-5b4b-4647-9e1a-19a653bb7d28', 'fef759ed-4348-4598-81c6-8228d732e892', 'Didelphis virginiana');
insert into search_profiles (created_at, start_date, end_date, experience, id, manager_id, name) values ('2023-09-02', '2025-07-28', '2029-09-10', 6, '9e7efcac-27c0-42e2-8100-036840da1850', 'fb2c8152-96b0-4091-9913-a0c859768638', 'Dendrocitta vagabunda');
insert into search_profiles (created_at, start_date, end_date, experience, id, manager_id, name) values ('2022-04-08', '2025-11-19', '2029-12-11', 4, 'e90e2587-9161-429a-a891-45218422f353', '3a7dd861-2062-4416-bf64-5b7fe84432f5', 'Semnopithecus entellus');
insert into search_profiles (created_at, start_date, end_date, experience, id, manager_id, name) values ('2021-10-08', '2027-12-26', '2034-04-12', 6, '5b16f9b0-889b-4c46-90e4-51ebbd3c5dc0', 'd76e30bd-d969-47b9-ac76-087f238d8051', 'Felis concolor');
insert into search_profiles (created_at, start_date, end_date, experience, id, manager_id, name) values ('2021-12-20', '2026-11-08', '2032-03-06', 9, '7d53561b-d40a-4c99-8247-4dbe88213cd4', '4c462b68-de59-4b1c-ab9f-b67da53e6152', 'Anthropoides paradisea');
insert into search_profiles (created_at, start_date, end_date, experience, id, manager_id, name) values ('2022-05-25', '2025-02-26', '2033-06-27', 6, '7c49b45a-20a6-4c33-aad8-eaa4bc9a95e5', 'aab19ea7-4ae9-4cb4-a379-35dc02387b24', 'Agama sp.');
insert into search_profiles (created_at, start_date, end_date, experience, id, manager_id, name) values ('2024-01-10', '2023-06-05', '2034-08-14', 9, '060550df-3bc3-4364-9a20-e9af9199604c', '49d7f498-d9d2-4c42-bcc8-9234986b3eed', 'Uraeginthus angolensis');
insert into search_profiles (created_at, start_date, end_date, experience, id, manager_id, name) values ('2023-09-30', '2026-07-09', '2030-12-06', 4, '1d89f7bf-ab39-4848-9a5f-ad6916c0e8fb', 'b9414777-8ac3-4ca0-add6-f2dbf415663e', 'Corvus albicollis');
insert into search_profiles (created_at, start_date, end_date, experience, id, manager_id, name) values ('2022-08-14', '2024-02-01', '2029-01-25', 10, 'c416b542-7555-4131-ad73-f21fb35b86f0', '9a7199db-ae51-4e6a-8536-76628a26662d', 'Eutamias minimus');
insert into search_profiles (created_at, start_date, end_date, experience, id, manager_id, name) values ('2021-11-26', '2026-10-25', '2033-07-20', 6, '7c98af85-a1bf-4ba9-9278-d774807dca78', '94a72eaa-351f-4d7e-9d9b-c19947dcef55', 'Acrantophis madagascariensis');
insert into search_profiles (created_at, start_date, end_date, experience, id, manager_id, name) values ('2020-02-29', '2025-01-03', '2033-08-09', 9, 'bd45683f-d692-40af-a79e-2d1d8fb942e2', '989aac80-f235-445c-9b2b-1a363a39fa36', 'Climacteris melanura');
insert into search_profiles (created_at, start_date, end_date, experience, id, manager_id, name) values ('2021-07-31', '2025-11-19', '2029-02-20', 9, '6f739d1d-ceb5-4dec-b0f6-a5553feb8c56', '0cb78f60-8107-4bea-9537-7cfe36356578', 'Loxodonta africana');
insert into search_profiles (created_at, start_date, end_date, experience, id, manager_id, name) values ('2024-03-11', '2026-09-05', '2031-04-11', 1, 'd2b161c3-0f9a-4d05-bf92-fd607d5b3f8b', '811f628a-5520-457e-bfbe-e8c758d0efa3', 'Cathartes aura');
insert into search_profiles (created_at, start_date, end_date, experience, id, manager_id, name) values ('2023-10-24', '2023-05-07', '2034-10-26', 3, '37b070a6-bf1f-44ae-825a-1f18aedb8a31', 'f91b5969-7e77-4a5b-8b33-867e587395b9', 'Varanus sp.');
insert into search_profiles (created_at, start_date, end_date, experience, id, manager_id, name) values ('2021-04-10', '2023-09-27', '2033-03-15', 1, 'bb4280b2-230e-40e3-837c-aab0f933569b', 'a99944b0-b5a7-429c-892a-07fcf8beef81', 'Pelecanus conspicillatus');
insert into search_profiles (created_at, start_date, end_date, experience, id, manager_id, name) values ('2023-03-03', '2027-05-30', '2031-07-21', 5, '2c5ce637-7138-4fb9-ae6a-e8ee31af5cbb', '403042a6-99b3-498e-bccf-e175ac4b55e8', 'Macropus robustus');
insert into search_profiles (created_at, start_date, end_date, experience, id, manager_id, name) values ('2022-04-11', '2028-01-19', '2032-03-10', 3, 'd9ad6f00-2e9a-40b5-b58b-4bdc6438555a', 'ce230be6-ae38-4c1c-a5f0-b45fe8683451', 'Lycosa godeffroyi');
insert into search_profiles (created_at, start_date, end_date, experience, id, manager_id, name) values ('2022-04-28', '2025-09-30', '2031-12-19', 2, '9a5cf4c9-ae37-4a1c-912d-6ee7382ef218', '23f635d0-d984-4c59-bef2-617fd819a52e', 'Canis lupus');
insert into search_profiles (created_at, start_date, end_date, experience, id, manager_id, name) values ('2020-08-22', '2024-02-23', '2029-12-08', 4, 'a42c6b16-8a0a-4a73-992f-7bb5343e8a9b', '408ea3b5-8f73-4471-a47a-d6d41633aa10', 'Varanus salvator');
insert into search_profiles (created_at, start_date, end_date, experience, id, manager_id, name) values ('2021-10-01', '2025-12-19', '2030-02-27', 6, '592f86b4-455c-4b7c-b4d0-dea49b449553', '82328711-d5f1-443b-9b33-79bc281f59fd', 'Sula dactylatra');
insert into search_profiles (created_at, start_date, end_date, experience, id, manager_id, name) values ('2021-03-07', '2027-08-03', '2034-02-20', 10, '3667f6a4-a79b-4532-b07e-e40703197a67', 'd8ae301e-4e0e-46c9-a216-89dd0df9474b', 'Iguana iguana');
insert into search_profiles (created_at, start_date, end_date, experience, id, manager_id, name) values ('2020-04-15', '2025-07-28', '2034-02-05', 7, 'ab768a54-d37d-4a2f-9451-cccc05402c6f', 'cae1b087-e8fb-4d58-998d-056bf390904b', 'Bison bison');
insert into search_profiles (created_at, start_date, end_date, experience, id, manager_id, name) values ('2023-09-04', '2026-04-28', '2031-11-25', 5, '7ff58dba-3641-4656-ab7b-c202f630213c', '56997389-8925-4cbd-9cfe-de206dba5d94', 'Coluber constrictor foxii');
insert into search_profiles (created_at, start_date, end_date, experience, id, manager_id, name) values ('2024-03-31', '2023-07-05', '2031-04-06', 3, '508f2bce-c2a5-4433-bf03-6380d31cef1a', '84a353f1-0036-4e0b-a991-ede6364ca88b', 'Pavo cristatus');
insert into search_profiles (created_at, start_date, end_date, experience, id, manager_id, name) values ('2025-02-11', '2024-12-25', '2029-11-29', 6, 'ce10d25a-0209-4c1f-9c0e-1580bcd5605e', 'a223b490-9bde-472f-8017-09dbbecf298e', 'Fratercula corniculata');
insert into search_profiles (created_at, start_date, end_date, experience, id, manager_id, name) values ('2022-03-18', '2023-11-28', '2029-05-08', 3, '293a6c64-598a-4722-a096-f4e5ec5250a8', '4b87f2b3-80a6-45ef-b54d-074db5cdf64e', 'Rana sp.');
insert into search_profiles (created_at, start_date, end_date, experience, id, manager_id, name) values ('2020-08-29', '2023-11-24', '2031-10-15', 1, 'f0bee76f-1c18-4c0c-bc2c-e2101561eb53', '75ae8aa4-1023-40bc-a5b4-006e8f40fc7c', 'Numida meleagris');
insert into search_profiles (created_at, start_date, end_date, experience, id, manager_id, name) values ('2024-04-20', '2027-11-06', '2034-07-29', 10, 'fc797490-67e2-452e-a8e4-93f8d169c311', '680da83f-a2dc-4a8c-948c-a01b9508a3c9', 'Macropus agilis');
insert into search_profiles (created_at, start_date, end_date, experience, id, manager_id, name) values ('2023-02-20', '2023-10-18', '2032-09-13', 3, '50378524-08e9-48fe-8fe7-69c9482aa0c3', '186b2f74-3ff1-4981-b0eb-5fc4c09aaa24', 'Ardea golieth');
insert into search_profiles (created_at, start_date, end_date, experience, id, manager_id, name) values ('2021-10-16', '2023-05-16', '2034-11-18', 8, 'f7f7727c-92a0-4f52-b8eb-dbd6d876cc53', 'f50da773-8bf5-43e8-b09a-745f9fc211a9', 'Bradypus tridactylus');
insert into search_profiles (created_at, start_date, end_date, experience, id, manager_id, name) values ('2021-10-15', '2023-02-15', '2030-10-21', 10, '40d79aad-af43-4278-82e2-ddf60cc3adde', 'ae923efa-59de-4ffa-b240-5308af953c57', 'Spermophilus parryii');
insert into search_profiles (created_at, start_date, end_date, experience, id, manager_id, name) values ('2023-11-04', '2026-06-15', '2032-02-14', 2, 'ec77c4c8-1df1-484a-a725-c8e5536132d1', 'f52fefc8-5aaf-470d-87fa-6ef121a874fd', 'Hystrix cristata');
insert into search_profiles (created_at, start_date, end_date, experience, id, manager_id, name) values ('2024-07-20', '2023-07-13', '2031-02-01', 9, '942832f9-80be-40b5-a390-52b0ecaf0d81', '6748e35a-9410-4ba5-8f06-504d354ad34f', 'Cyrtodactylus louisiadensis');
insert into search_profiles (created_at, start_date, end_date, experience, id, manager_id, name) values ('2025-01-27', '2025-08-10', '2034-04-10', 3, 'f31ba970-3aa6-4e1e-8b8c-7aa5a0d2b999', '75ef1d9f-d7cf-4b13-a122-aabb10668f4c', 'Rhea americana');
insert into search_profiles (created_at, start_date, end_date, experience, id, manager_id, name) values ('2024-02-17', '2027-12-14', '2030-07-01', 6, '12f5ee05-ebdb-4f04-9418-d38c17cdd481', '1ce3b915-ed76-4a76-8ae6-283e71270e69', 'Struthio camelus');
insert into search_profiles (created_at, start_date, end_date, experience, id, manager_id, name) values ('2020-04-18', '2027-01-03', '2034-07-12', 3, '0140ea44-9040-402e-aac6-0b2aba5dd904', 'a0b2ae1d-69b1-442d-8b0d-1c4332293637', 'Zenaida galapagoensis');
insert into search_profiles (created_at, start_date, end_date, experience, id, manager_id, name) values ('2022-03-23', '2025-09-12', '2030-02-11', 1, '71feb4de-8af6-4ae1-944f-b8b81c8c1262', '3164db37-0d6a-4d1f-b9a1-205b01f2a810', 'Crotalus cerastes');
insert into search_profiles (created_at, start_date, end_date, experience, id, manager_id, name) values ('2021-10-12', '2023-09-12', '2031-07-08', 5, 'a358e338-d432-412b-b3bb-d1959a591398', 'bceab160-0eda-4834-8e31-34843209b1c6', 'Sarkidornis melanotos');
insert into search_profiles (created_at, start_date, end_date, experience, id, manager_id, name) values ('2021-12-11', '2028-01-01', '2034-08-25', 4, '4c9f9ec7-606e-403d-84ad-163662020405', '485edf71-bd5c-4a45-becf-5129716d65df', 'Varanus sp.');
insert into search_profiles (created_at, start_date, end_date, experience, id, manager_id, name) values ('2022-11-13', '2026-01-07', '2028-05-03', 2, '1539f060-b73d-4f7d-9b68-bd9e72e1ef81', 'bd989854-4505-43a2-9a88-95c30502137b', 'Odocoileus hemionus');
insert into search_profiles (created_at, start_date, end_date, experience, id, manager_id, name) values ('2021-01-03', '2023-01-08', '2029-09-02', 5, '9c1a6285-de1b-4428-9397-51bbd83a62e3', 'd59f2cd8-9e0e-4bf5-847e-79492a528d75', 'Felis concolor');
insert into search_profiles (created_at, start_date, end_date, experience, id, manager_id, name) values ('2020-09-20', '2024-09-11', '2033-06-01', 7, '0edf5b4c-5f02-430d-9ccc-30244a4e2300', 'ef72c82c-6dd1-4191-9b70-17d9418bb866', 'Damaliscus dorcas');
insert into search_profiles (created_at, start_date, end_date, experience, id, manager_id, name) values ('2023-05-24', '2025-09-30', '2028-06-08', 4, 'e13984a2-1dba-4fa8-b794-e276b677e9d0', '506a32b3-8e2a-404e-93e8-cea0a11e81de', 'Microcebus murinus');
insert into search_profiles (created_at, start_date, end_date, experience, id, manager_id, name) values ('2022-04-11', '2025-12-13', '2028-04-13', 2, '783b37bb-b13d-4a80-bb87-34ef4783b015', '5315cf14-05a5-44fa-989b-0ed8e93206ce', 'Ratufa indica');
insert into search_profiles (created_at, start_date, end_date, experience, id, manager_id, name) values ('2020-03-30', '2026-04-13', '2029-02-02', 4, '20606827-327f-4248-91f6-ded688feb321', '7e9e832c-40f6-498a-85b6-5e2e016b0ab7', 'Bassariscus astutus');
insert into search_profiles (created_at, start_date, end_date, experience, id, manager_id, name) values ('2023-02-04', '2023-06-28', '2035-01-20', 4, 'bf9efe3e-5cb8-4a55-8730-5326c669f35d', 'a899f6f5-2033-406a-aa7c-0304afd6fbe9', 'Merops bullockoides');
insert into search_profiles (created_at, start_date, end_date, experience, id, manager_id, name) values ('2021-02-03', '2023-02-28', '2030-06-07', 6, '1616fe08-b4da-4121-9369-cda6edb8d961', '1241148f-3e8c-4dee-969a-d785e2e7519e', 'Panthera leo');
insert into search_profiles (created_at, start_date, end_date, experience, id, manager_id, name) values ('2022-06-18', '2027-12-10', '2033-11-17', 9, '9219a33b-73e7-46ba-9246-09cbb6c1b45c', 'ed73f28c-3e42-4b49-a70d-d3cbff2ef6f1', 'Ploceus intermedius');
insert into search_profiles (created_at, start_date, end_date, experience, id, manager_id, name) values ('2020-01-27', '2027-09-23', '2030-10-12', 9, '21def0ea-f41d-44d9-91be-43c3fbd4ed31', '269935c1-3cb6-4ba2-9536-791576337fa9', 'Drymarchon corias couperi');
insert into search_profiles (created_at, start_date, end_date, experience, id, manager_id, name) values ('2024-08-24', '2026-08-07', '2033-08-09', 2, '3a08c409-93be-4691-9033-33d59c230b21', '25967330-ed5d-4fea-9e5c-449e9c6c28de', 'Podargus strigoides');
insert into search_profiles (created_at, start_date, end_date, experience, id, manager_id, name) values ('2023-01-27', '2027-12-18', '2029-04-19', 5, '26f7444c-a02c-4c65-a25d-e29c43d94c41', '993ead60-bd96-481f-b574-72c2031bea92', 'Spizaetus coronatus');
insert into search_profiles (created_at, start_date, end_date, experience, id, manager_id, name) values ('2022-07-29', '2023-08-23', '2035-01-08', 6, '0c03191b-e188-414d-896a-f74bbfac0ed7', 'c94be353-a941-4311-a26a-97379436e093', 'unavailable');
insert into search_profiles (created_at, start_date, end_date, experience, id, manager_id, name) values ('2021-02-22', '2026-01-11', '2031-01-24', 4, 'ff3797c1-c2f6-4826-960b-40a20b2b4eeb', 'a743cee6-2f1d-4685-bda3-d04580502c2e', 'Bettongia penicillata');
insert into search_profiles (created_at, start_date, end_date, experience, id, manager_id, name) values ('2021-08-07', '2027-08-01', '2034-08-12', 1, '7e52f6ba-664c-45ed-82a6-177636c4aa81', '6e18d582-3f87-4c42-891d-54b681840c65', 'Felis concolor');
insert into search_profiles (created_at, start_date, end_date, experience, id, manager_id, name) values ('2022-08-18', '2027-04-27', '2029-06-17', 10, '2ddf4390-3190-4f93-af00-d065ce05f718', '33937135-ad9d-4a21-ba76-fcc57ce84a61', 'Tiliqua scincoides');
insert into search_profiles (created_at, start_date, end_date, experience, id, manager_id, name) values ('2021-05-04', '2025-05-21', '2032-04-01', 10, '10f85fa5-d454-45cb-b15b-4af4f0362f23', '15e5e4d2-ee08-457f-bae8-d56b4f755729', 'Corvus brachyrhynchos');
insert into search_profiles (created_at, start_date, end_date, experience, id, manager_id, name) values ('2022-06-07', '2024-07-04', '2032-02-17', 3, '47cf1d0b-008b-4492-9268-e18e76d47c70', '0acc0440-7459-4890-adf9-4f89a6739f67', 'Diomedea irrorata');
insert into search_profiles (created_at, start_date, end_date, experience, id, manager_id, name) values ('2020-08-23', '2023-03-20', '2032-03-19', 2, '8677e42a-a510-4a06-9ed6-5d5b2f010d84', 'c85fd82e-caca-4613-acf6-1b0fefd1eae6', 'Cervus duvauceli');
insert into search_profiles (created_at, start_date, end_date, experience, id, manager_id, name) values ('2023-03-16', '2025-04-03', '2030-10-02', 8, '50eb1112-6dd0-4ffc-a883-2cf93180275f', 'f64787a9-63c7-4f9f-84c1-05c0a26dd40d', 'Bos frontalis');
insert into search_profiles (created_at, start_date, end_date, experience, id, manager_id, name) values ('2022-09-28', '2025-11-13', '2029-07-23', 3, 'b68008e2-11d9-4a53-b16b-720db90e6e7a', 'e057fc78-f7ae-4516-84c6-fd737ae81822', 'Galago crassicaudataus');
insert into search_profiles (created_at, start_date, end_date, experience, id, manager_id, name) values ('2023-05-17', '2024-02-14', '2034-03-18', 10, '76fc3de5-349e-44a6-9501-43c915583b80', '1a92645f-6fb2-48ab-b7ef-19134cc6f381', 'Gabianus pacificus');
insert into search_profiles (created_at, start_date, end_date, experience, id, manager_id, name) values ('2021-03-06', '2024-03-04', '2028-04-08', 6, 'f4ea8fb4-1a04-48c1-88ca-5a0c7e6d7ce5', '790b9695-995d-4619-8598-bf22b8dd37d3', 'Rhea americana');
insert into search_profiles (created_at, start_date, end_date, experience, id, manager_id, name) values ('2023-12-23', '2026-11-25', '2034-11-06', 4, '1dcb2523-c7a8-4cb0-9e79-514e62566e7d', '62843189-91f4-402c-aef0-60b2b972b1c7', 'Raphicerus campestris');
insert into search_profiles (created_at, start_date, end_date, experience, id, manager_id, name) values ('2022-04-22', '2027-10-09', '2029-02-17', 9, '682cc426-298d-4d0e-9176-125bdf99c102', 'be299961-8230-499e-860d-621bfb1b7042', 'Ovis canadensis');
insert into search_profiles (created_at, start_date, end_date, experience, id, manager_id, name) values ('2021-08-07', '2024-01-26', '2033-12-27', 8, 'fefab191-e277-4ac6-8519-3a8d5085ec0e', 'a43b46c2-3e78-4e14-b183-d13da1e2d1e1', 'Canis aureus');
insert into search_profiles (created_at, start_date, end_date, experience, id, manager_id, name) values ('2023-08-06', '2027-06-11', '2033-04-23', 5, '76c91292-7ad2-4d5d-941d-e6bbfe2d2ae1', '8ff1ac32-9c29-4a44-ae94-ed8e8c9ea83f', 'Myotis lucifugus');
insert into search_profiles (created_at, start_date, end_date, experience, id, manager_id, name) values ('2022-03-03', '2023-02-27', '2028-12-05', 5, 'b6d84643-7c1d-4afa-aeec-18947ccb6f07', '52709867-336d-4009-9b3d-8f27d84a994f', 'Macropus rufogriseus');
insert into search_profiles (created_at, start_date, end_date, experience, id, manager_id, name) values ('2024-01-18', '2025-08-13', '2033-11-11', 6, '116f2011-95e7-4088-8abc-ec8962cfcbc6', '43840323-1817-425d-be1b-df213d32d332', 'Kobus defassa');
insert into search_profiles (created_at, start_date, end_date, experience, id, manager_id, name) values ('2023-09-27', '2027-09-26', '2031-09-22', 7, '65b4075b-fd88-44a3-832d-091c3f3778e4', '3b64db7a-342f-4696-b06b-4aa5e81ff7ee', 'Choriotis kori');
insert into search_profiles (created_at, start_date, end_date, experience, id, manager_id, name) values ('2024-06-21', '2023-03-21', '2032-10-23', 5, '97227bc9-2bb4-40de-905e-77331c444a46', '0cacc539-53fa-451c-821a-beb8fb7bfb50', 'Chlidonias leucopterus');
insert into search_profiles (created_at, start_date, end_date, experience, id, manager_id, name) values ('2023-12-04', '2024-09-19', '2029-09-23', 6, '10e488c2-e744-41d0-a685-0b6a27e01b99', '63739579-f3da-46af-8fcf-42443c3f9e37', 'Odocoileus hemionus');
insert into search_profiles (created_at, start_date, end_date, experience, id, manager_id, name) values ('2023-05-19', '2024-04-21', '2028-10-26', 10, '0f38d170-1787-45fc-bfa6-384fa5584b83', 'f6281937-1517-4f22-8b91-cb94e3f86ae2', 'Cervus elaphus');
insert into search_profiles (created_at, start_date, end_date, experience, id, manager_id, name) values ('2022-05-30', '2024-10-30', '2033-09-26', 1, '364843de-e463-4b8f-9811-909910e6cebd', '76ec729e-f1cf-4d62-9747-240b34f8da70', 'Milvago chimachima');
insert into search_profiles (created_at, start_date, end_date, experience, id, manager_id, name) values ('2021-01-09', '2027-08-15', '2031-05-19', 7, '2461c71e-67c6-4460-b98c-f10f7d9df2d4', 'f2ba6d3c-818d-44d4-ad21-af23a97b2c03', 'Psittacula krameri');
insert into search_profiles (created_at, start_date, end_date, experience, id, manager_id, name) values ('2020-02-29', '2027-07-17', '2032-09-04', 4, '55246245-3b43-4f4a-bc2a-ff2993c5b19e', '21be02d4-79aa-45f7-ae15-25f719e06edd', 'unavailable');
insert into search_profiles (created_at, start_date, end_date, experience, id, manager_id, name) values ('2024-01-31', '2026-11-13', '2033-01-11', 8, '7d15282e-f089-416c-8301-e9742761e8ba', 'de991b3b-0eac-4a64-8d7b-45dcbbbfab04', 'Alouatta seniculus');
insert into search_profiles (created_at, start_date, end_date, experience, id, manager_id, name) values ('2023-08-28', '2023-08-09', '2033-08-13', 1, '7073f60f-a4b2-4641-9b4c-7848af158510', '42b3e35d-2fe6-45e9-95a4-754cafec93a9', 'Zonotrichia capensis');
insert into search_profiles (created_at, start_date, end_date, experience, id, manager_id, name) values ('2020-01-05', '2026-12-20', '2033-07-28', 7, '698606b5-fece-4adc-b63a-156514144ba2', 'b0ebd4d3-709e-4c0c-8760-102801d1b8da', 'Felis silvestris lybica');
insert into search_profiles (created_at, start_date, end_date, experience, id, manager_id, name) values ('2025-01-05', '2024-02-09', '2030-04-16', 1, '3cf9a69e-0779-4cdb-a13f-a24f609b032a', 'b8dbbd29-b120-4c86-8213-90d11b7f3654', 'Manouria emys');
insert into search_profiles (created_at, start_date, end_date, experience, id, manager_id, name) values ('2023-07-22', '2024-09-06', '2030-08-06', 3, '4c2394db-da1e-483a-b96c-0d24dbe3d53d', 'b9b19840-ced8-48b8-a55a-6091ddab3a88', 'Ammospermophilus nelsoni');
insert into search_profiles (created_at, start_date, end_date, experience, id, manager_id, name) values ('2022-09-16', '2027-02-15', '2030-05-03', 2, '5270aa1e-6853-45b9-b8b5-f520692e53f5', '927eff28-de97-4170-8433-52e4d1d02c79', 'Lamprotornis chalybaeus');
insert into search_profiles (created_at, start_date, end_date, experience, id, manager_id, name) values ('2025-01-27', '2026-12-21', '2034-12-21', 5, '9887007e-a110-4232-aac6-cd70f83e64f5', '638c777d-3f3b-4659-b4f5-24dc778d7d14', 'Columba palumbus');
insert into search_profiles (created_at, start_date, end_date, experience, id, manager_id, name) values ('2020-06-27', '2027-10-29', '2032-02-21', 3, '1e99ed09-62ac-49b1-a9db-ff2c33b66b2c', '24074874-1209-4591-a68c-85dfb772158c', 'Spermophilus tridecemlineatus');
insert into search_profiles (created_at, start_date, end_date, experience, id, manager_id, name) values ('2022-10-05', '2027-08-29', '2030-11-01', 8, '41d6e44a-ab83-4a9e-a2b4-c025f6696ed2', '5cd3fa55-7faf-46fb-b56b-ba15c8193254', 'Pterocles gutturalis');
insert into search_profiles (created_at, start_date, end_date, experience, id, manager_id, name) values ('2020-12-03', '2024-04-25', '2034-09-09', 7, 'c7d41953-b4d4-49b6-988e-7c5a48800b13', '46189c8c-8e79-43dc-8b1c-b2022373295b', 'Phascogale calura');
insert into search_profiles (created_at, start_date, end_date, experience, id, manager_id, name) values ('2023-12-05', '2027-08-08', '2032-01-25', 10, 'ffe0f72c-ec9b-4683-84d0-ee9028134cae', 'be406a6e-ce1c-4f80-9787-46e599971161', 'Macropus parryi');
insert into search_profiles (created_at, start_date, end_date, experience, id, manager_id, name) values ('2024-12-14', '2023-04-07', '2029-09-20', 2, '7612514a-5222-41fb-93e6-79d7a44a6e24', '6cdfeb42-6035-4d78-a59f-330ca5820cc5', 'Ara ararauna');
insert into search_profiles (created_at, start_date, end_date, experience, id, manager_id, name) values ('2024-09-28', '2024-01-11', '2031-07-10', 3, 'de4abd24-b652-477c-b5b6-bda62e9fb7c7', '60c93e7f-79b1-440b-840a-36050af0ae6c', 'Eutamias minimus');
insert into search_profiles (created_at, start_date, end_date, experience, id, manager_id, name) values ('2023-06-09', '2024-10-16', '2032-11-25', 3, '95568061-f178-46b1-8c8b-3f50966841d8', 'b687b34d-c60d-40ee-b23f-1aeb0a9e219d', 'Cebus nigrivittatus');
insert into search_profiles (created_at, start_date, end_date, experience, id, manager_id, name) values ('2021-07-12', '2024-08-13', '2030-06-05', 5, 'e83e6c3e-63d4-42db-9b88-4c86fe39505d', '265417d0-4e75-4438-9bb7-34d3491ef51c', 'Spizaetus coronatus');
insert into search_profiles (created_at, start_date, end_date, experience, id, manager_id, name) values ('2021-07-21', '2027-12-14', '2034-08-16', 5, '0b81ef6d-c848-4aaf-a07e-5640f4e24931', '7b9d6b69-bd52-4d7c-9a19-4c0d8fe7d38a', 'Mirounga leonina');
insert into search_profiles (created_at, start_date, end_date, experience, id, manager_id, name) values ('2022-03-17', '2026-12-03', '2029-01-08', 1, '23f9bed0-0174-4de3-bac6-7dd1df030627', '1976ff77-09d6-42d9-8559-52f12795c150', 'Canis lupus lycaon');
insert into search_profiles (created_at, start_date, end_date, experience, id, manager_id, name) values ('2024-06-04', '2024-01-13', '2029-10-03', 1, '3f22544c-caba-42ab-ab6c-a20a1ad5cff8', 'aace2292-52f4-4d16-8a80-480502161cd1', 'Chelodina longicollis');
insert into search_profiles (created_at, start_date, end_date, experience, id, manager_id, name) values ('2020-01-12', '2026-12-04', '2030-11-25', 3, 'fc6d6ef1-c32e-4453-847c-40ff495e6840', '50356134-963a-40cb-9346-1914aebcf814', 'Capra ibex');
insert into search_profiles (created_at, start_date, end_date, experience, id, manager_id, name) values ('2020-12-20', '2027-01-07', '2030-07-20', 8, 'aa90543f-6d47-4377-a69c-1e9b1efb5b95', '4cb27578-350f-4697-81a4-f9180c9df17e', 'Diomedea irrorata');
insert into search_profiles (created_at, start_date, end_date, experience, id, manager_id, name) values ('2024-01-07', '2026-05-12', '2028-09-24', 5, 'c9ee4965-f4bc-46db-9043-e5fa62e5d0b7', '453fb179-a152-4e5f-9ba2-ef7c58021863', 'Suricata suricatta');
insert into search_profiles (created_at, start_date, end_date, experience, id, manager_id, name) values ('2020-09-13', '2026-01-18', '2033-05-09', 2, '97675629-36bb-4f7b-a970-8c0e2da0b6c1', '334dd8c7-4326-4f53-a0af-8c92190bb494', 'Sciurus vulgaris');
insert into search_profiles (created_at, start_date, end_date, experience, id, manager_id, name) values ('2020-06-19', '2027-09-27', '2033-11-22', 9, 'c1363b5a-2278-402e-8269-2e2664607bd0', 'cee11bee-deb0-41e0-ad61-952f5fb46022', 'unavailable');
insert into search_profiles (created_at, start_date, end_date, experience, id, manager_id, name) values ('2020-08-30', '2023-05-29', '2030-11-26', 7, 'edba439a-23e3-4499-973c-1df890f71826', '25069d23-1b17-448d-a079-6cebd824ff57', 'Butorides striatus');
insert into search_profiles (created_at, start_date, end_date, experience, id, manager_id, name) values ('2023-10-15', '2026-12-03', '2034-07-15', 4, '7d77a104-56a5-46e9-8378-809dcc3f3cc6', '2ec882f5-ff91-4369-bdc4-12f56ea6989d', 'Mirounga leonina');

insert into skills (id, label) values ('python', 'Python');
insert into skills (id, label) values ('java', 'Java');
insert into skills (id, label) values ('c', 'C');
insert into skills (id, label) values ('c++', 'C++');
insert into skills (id, label) values ('javascript', 'JavaScript');
insert into skills (id, label) values ('ruby', 'Ruby');
insert into skills (id, label) values ('php', 'PHP');
insert into skills (id, label) values ('swift', 'Swift');
insert into skills (id, label) values ('kotlin', 'Kotlin');
insert into skills (id, label) values ('git', 'Git');
insert into skills (id, label) values ('docker', 'Docker');
insert into skills (id, label) values ('kubernetes', 'Kubernetes');
insert into skills (id, label) values ('nodejs', 'NodeJS');
insert into skills (id, label) values ('angular', 'Angular');
insert into skills (id, label) values ('sql', 'SQL');
insert into skills (id, label) values ('mongodb', 'MongoDB');
insert into skills (id, label) values ('jenkins', 'Jenkins');
insert into skills (id, label) values ('aws', 'AWS');

insert into employee_skills (employee_id, skill_id) values ('64fa37ad-81af-43e3-b387-8f29e059c134', 'javascript');
insert into employee_skills (employee_id, skill_id) values ('c1d2287c-bd39-44a0-9d40-fd19ff372418', 'php');
insert into employee_skills (employee_id, skill_id) values ('e4c2ec40-38d5-4e1c-93e9-feb9fe5394a4', 'docker');
insert into employee_skills (employee_id, skill_id) values ('a988c15f-7737-4282-be0b-3f717d0019cd', 'docker');
insert into employee_skills (employee_id, skill_id) values ('f01b5e9a-28ed-4dd1-8a20-de4f3f09dc48', 'c++');
insert into employee_skills (employee_id, skill_id) values ('ce62aa28-35ac-40b9-9d98-649383acb2d0', 'kotlin');
insert into employee_skills (employee_id, skill_id) values ('eef73e08-b8e1-4bfb-acb3-62cbfd0528d7', 'c');
insert into employee_skills (employee_id, skill_id) values ('e4c2ec40-38d5-4e1c-93e9-feb9fe5394a4', 'php');
insert into employee_skills (employee_id, skill_id) values ('25c429bf-845f-47fb-b856-108fb46157cb', 'kubernetes');
insert into employee_skills (employee_id, skill_id) values ('f01b5e9a-28ed-4dd1-8a20-de4f3f09dc48', 'swift');
insert into employee_skills (employee_id, skill_id) values ('69c051b2-2e4e-4fb4-b929-de11db192c22', 'aws');
insert into employee_skills (employee_id, skill_id) values ('d6f20563-d789-45bd-9083-e0ba7f7e8a94', 'python');
insert into employee_skills (employee_id, skill_id) values ('96231715-3e2c-4a6f-86d1-842026e15549', 'c++');
insert into employee_skills (employee_id, skill_id) values ('69c051b2-2e4e-4fb4-b929-de11db192c22', 'python');
insert into employee_skills (employee_id, skill_id) values ('308874e5-67af-4de0-a2ac-1128d015bb13', 'docker');
insert into employee_skills (employee_id, skill_id) values ('b0865d3d-8dc0-409a-9ced-53e55750ccde', 'jenkins');
insert into employee_skills (employee_id, skill_id) values ('ee30da4f-de03-4d42-8a0e-bb312ed78c89', 'mongodb');
insert into employee_skills (employee_id, skill_id) values ('0258134e-f741-4025-ac11-b5ca7dded71a', 'angular');
insert into employee_skills (employee_id, skill_id) values ('3ccff8eb-a41d-46a6-b781-a36d9ae31b8d', 'c++');
insert into employee_skills (employee_id, skill_id) values ('a988c15f-7737-4282-be0b-3f717d0019cd', 'c');
insert into employee_skills (employee_id, skill_id) values ('5d494b05-af28-4ec9-998d-b05a035449ee', 'php');
insert into employee_skills (employee_id, skill_id) values ('40435313-a2f6-4f2e-b7b4-f675dc09557f', 'jenkins');
insert into employee_skills (employee_id, skill_id) values ('25c429bf-845f-47fb-b856-108fb46157cb', 'php');
insert into employee_skills (employee_id, skill_id) values ('0258134e-f741-4025-ac11-b5ca7dded71a', 'c');
insert into employee_skills (employee_id, skill_id) values ('b0865d3d-8dc0-409a-9ced-53e55750ccde', 'c');
insert into employee_skills (employee_id, skill_id) values ('1926521b-f1a2-40ab-9082-d42526f4e258', 'javascript');
insert into employee_skills (employee_id, skill_id) values ('5d494b05-af28-4ec9-998d-b05a035449ee', 'git');
insert into employee_skills (employee_id, skill_id) values ('eede0c17-894d-4844-ac7f-bfb02db6b3a2', 'php');
insert into employee_skills (employee_id, skill_id) values ('215dde4e-92b6-49de-9ba6-3ee96cd6f9da', 'python');
insert into employee_skills (employee_id, skill_id) values ('5e5cbea9-02b9-485d-bec1-6085bd3a4702', 'ruby');
insert into employee_skills (employee_id, skill_id) values ('a0941bb7-25f9-4e61-b568-ecf25e0a4dd1', 'jenkins');
insert into employee_skills (employee_id, skill_id) values ('47209a93-8831-4b93-a244-c053f1608916', 'kotlin');
insert into employee_skills (employee_id, skill_id) values ('5d494b05-af28-4ec9-998d-b05a035449ee', 'git');
insert into employee_skills (employee_id, skill_id) values ('c9ac0836-bc6a-40a0-80bd-b2ded3e96808', 'angular');
insert into employee_skills (employee_id, skill_id) values ('2b40c507-4263-448f-a128-ba8e59547242', 'kotlin');
insert into employee_skills (employee_id, skill_id) values ('0b92b101-7b7f-4936-9a7b-11afa55ec2e5', 'kotlin');
insert into employee_skills (employee_id, skill_id) values ('ce62aa28-35ac-40b9-9d98-649383acb2d0', 'c++');
insert into employee_skills (employee_id, skill_id) values ('7b20a1ff-1442-4ab2-8119-667032fa402f', 'nodejs');
insert into employee_skills (employee_id, skill_id) values ('c9ac0836-bc6a-40a0-80bd-b2ded3e96808', 'javascript');
insert into employee_skills (employee_id, skill_id) values ('3ccff8eb-a41d-46a6-b781-a36d9ae31b8d', 'angular');
insert into employee_skills (employee_id, skill_id) values ('4c6011e3-1f59-4951-8f11-a7882002b297', 'swift');
insert into employee_skills (employee_id, skill_id) values ('d64cd8ce-f521-4d3d-ac24-7ef89b277b31', 'swift');
insert into employee_skills (employee_id, skill_id) values ('376c76c7-88f0-4070-94e3-be1aa48289e6', 'c');
insert into employee_skills (employee_id, skill_id) values ('3ba26fd0-5a1c-43f5-a9bf-7b6ac5446959', 'kubernetes');
insert into employee_skills (employee_id, skill_id) values ('39a9bbe8-2ba7-4a1f-9020-426b220dc07c', 'php');
insert into employee_skills (employee_id, skill_id) values ('3ccff8eb-a41d-46a6-b781-a36d9ae31b8d', 'jenkins');
insert into employee_skills (employee_id, skill_id) values ('64fa37ad-81af-43e3-b387-8f29e059c134', 'php');
insert into employee_skills (employee_id, skill_id) values ('df3c9592-f447-468c-bac5-d7b58c41a75a', 'kubernetes');
insert into employee_skills (employee_id, skill_id) values ('bdfce6bf-68b8-4177-9b76-92d02ab67862', 'javascript');
insert into employee_skills (employee_id, skill_id) values ('79d590d0-cb1e-41f4-9bb2-87666d92d172', 'ruby');
insert into employee_skills (employee_id, skill_id) values ('220397ef-e535-4127-b9ff-357cd794c179', 'mongodb');
insert into employee_skills (employee_id, skill_id) values ('5d494b05-af28-4ec9-998d-b05a035449ee', 'aws');
insert into employee_skills (employee_id, skill_id) values ('7be41ee8-b675-4cb6-978a-42922ed8ecff', 'python');
insert into employee_skills (employee_id, skill_id) values ('e9975389-666f-4581-b040-9ede784fd67a', 'docker');
insert into employee_skills (employee_id, skill_id) values ('a0941bb7-25f9-4e61-b568-ecf25e0a4dd1', 'javascript');
insert into employee_skills (employee_id, skill_id) values ('32816945-01dd-4d0c-a9f3-ba619d5fcc79', 'jenkins');
insert into employee_skills (employee_id, skill_id) values ('eede0c17-894d-4844-ac7f-bfb02db6b3a2', 'swift');
insert into employee_skills (employee_id, skill_id) values ('a768e4d2-21cb-462a-b80d-9a0acb3f10d6', 'kubernetes');
insert into employee_skills (employee_id, skill_id) values ('d64cd8ce-f521-4d3d-ac24-7ef89b277b31', 'git');
insert into employee_skills (employee_id, skill_id) values ('d64cd8ce-f521-4d3d-ac24-7ef89b277b31', 'c');
insert into employee_skills (employee_id, skill_id) values ('b6ea80f2-7771-4f26-b68c-248bfa2dae51', 'javascript');
insert into employee_skills (employee_id, skill_id) values ('7b20a1ff-1442-4ab2-8119-667032fa402f', 'git');
insert into employee_skills (employee_id, skill_id) values ('e23a49c5-62cb-4a5a-bd2b-f86aca7da423', 'c++');
insert into employee_skills (employee_id, skill_id) values ('a0941bb7-25f9-4e61-b568-ecf25e0a4dd1', 'aws');
insert into employee_skills (employee_id, skill_id) values ('353b6202-6f59-4ca6-9196-7f8120df4123', 'ruby');
insert into employee_skills (employee_id, skill_id) values ('3ccff8eb-a41d-46a6-b781-a36d9ae31b8d', 'git');
insert into employee_skills (employee_id, skill_id) values ('fcbae8ba-ad69-42b7-af83-74ddcf5fbf50', 'angular');
insert into employee_skills (employee_id, skill_id) values ('1926521b-f1a2-40ab-9082-d42526f4e258', 'javascript');
insert into employee_skills (employee_id, skill_id) values ('7be41ee8-b675-4cb6-978a-42922ed8ecff', 'java');
insert into employee_skills (employee_id, skill_id) values ('ee30da4f-de03-4d42-8a0e-bb312ed78c89', 'sql');
insert into employee_skills (employee_id, skill_id) values ('5dd6af23-4b29-495a-be43-6bc31521f422', 'kotlin');
insert into employee_skills (employee_id, skill_id) values ('a988c15f-7737-4282-be0b-3f717d0019cd', 'jenkins');
insert into employee_skills (employee_id, skill_id) values ('2b40c507-4263-448f-a128-ba8e59547242', 'java');
insert into employee_skills (employee_id, skill_id) values ('2d39d730-d345-48f9-bc6b-d4e5c7e5b1c6', 'python');
insert into employee_skills (employee_id, skill_id) values ('376c76c7-88f0-4070-94e3-be1aa48289e6', 'c');
insert into employee_skills (employee_id, skill_id) values ('4a332575-af54-41cc-8820-f5caecf357c8', 'nodejs');
insert into employee_skills (employee_id, skill_id) values ('96231715-3e2c-4a6f-86d1-842026e15549', 'python');
insert into employee_skills (employee_id, skill_id) values ('cf8e8b0f-2336-4fd2-ac35-46bae21c120a', 'java');
insert into employee_skills (employee_id, skill_id) values ('c9ac0836-bc6a-40a0-80bd-b2ded3e96808', 'php');
insert into employee_skills (employee_id, skill_id) values ('1de510d2-e9aa-4419-b762-b650b0d8d0b7', 'jenkins');
insert into employee_skills (employee_id, skill_id) values ('5e5cbea9-02b9-485d-bec1-6085bd3a4702', 'kubernetes');
insert into employee_skills (employee_id, skill_id) values ('a988c15f-7737-4282-be0b-3f717d0019cd', 'kotlin');
insert into employee_skills (employee_id, skill_id) values ('0b79f1db-a5ff-4a11-a8d2-862b25a52769', 'angular');
insert into employee_skills (employee_id, skill_id) values ('bdfce6bf-68b8-4177-9b76-92d02ab67862', 'c');
insert into employee_skills (employee_id, skill_id) values ('bbd20fc3-3fe1-47a9-bb70-e7cc2e921d0f', 'sql');
insert into employee_skills (employee_id, skill_id) values ('3ccff8eb-a41d-46a6-b781-a36d9ae31b8d', 'c++');
insert into employee_skills (employee_id, skill_id) values ('c9ac0836-bc6a-40a0-80bd-b2ded3e96808', 'swift');
insert into employee_skills (employee_id, skill_id) values ('7be41ee8-b675-4cb6-978a-42922ed8ecff', 'swift');
insert into employee_skills (employee_id, skill_id) values ('d64cd8ce-f521-4d3d-ac24-7ef89b277b31', 'swift');
insert into employee_skills (employee_id, skill_id) values ('eef73e08-b8e1-4bfb-acb3-62cbfd0528d7', 'python');
insert into employee_skills (employee_id, skill_id) values ('fa0193a2-956a-44dd-b088-abe10de24a69', 'c++');
insert into employee_skills (employee_id, skill_id) values ('ed0a2cdb-b846-4252-8040-5790d1dea3fa', 'python');
insert into employee_skills (employee_id, skill_id) values ('cdb84315-e7f1-4150-8146-abcecbc521b2', 'kotlin');
insert into employee_skills (employee_id, skill_id) values ('85ddfe9d-b95b-4d0c-a307-0e22295a11a9', 'sql');
insert into employee_skills (employee_id, skill_id) values ('0258134e-f741-4025-ac11-b5ca7dded71a', 'c++');
insert into employee_skills (employee_id, skill_id) values ('53f2795b-21f6-433f-8f94-5ac331b7d03b', 'java');
insert into employee_skills (employee_id, skill_id) values ('eef73e08-b8e1-4bfb-acb3-62cbfd0528d7', 'c++');
insert into employee_skills (employee_id, skill_id) values ('b72a200f-02b6-4ace-8160-b69b17a792e2', 'jenkins');
insert into employee_skills (employee_id, skill_id) values ('86727ae8-7806-4f86-b0ba-805b66dc7e4e', 'ruby');
insert into employee_skills (employee_id, skill_id) values ('1424e178-fc0c-45b0-9fb2-eb8725b413b8', 'kotlin');

insert into project_employees (project_id, employee_id) values ('74cdfebf-1d59-41f8-ade5-f7cc28e5a310', '4f325e08-080e-4395-b519-a304dcc8843d');
insert into project_employees (project_id, employee_id) values ('bba988be-00d8-43b9-bf7f-ba69a12144a6', 'eef73e08-b8e1-4bfb-acb3-62cbfd0528d7');
insert into project_employees (project_id, employee_id) values ('d15d658e-2e64-430d-900b-39265d6a66e7', 'ac0d3c9b-bf45-4c78-abb0-450c4bc8d3fc');
insert into project_employees (project_id, employee_id) values ('72fac9ec-0873-43e5-a633-36aab6be124c', 'df3c9592-f447-468c-bac5-d7b58c41a75a');
insert into project_employees (project_id, employee_id) values ('349efbe3-c2cb-436c-b1e2-0b7bdf0c6ab4', 'c1d2287c-bd39-44a0-9d40-fd19ff372418');
insert into project_employees (project_id, employee_id) values ('62c1ddaf-5ce7-46de-8f95-19143d270dc2', '308874e5-67af-4de0-a2ac-1128d015bb13');
insert into project_employees (project_id, employee_id) values ('1973807b-05bd-4fed-97d0-5b22701a8af4', 'f01b5e9a-28ed-4dd1-8a20-de4f3f09dc48');
insert into project_employees (project_id, employee_id) values ('efd51702-94a9-4518-91b8-e5c58425a9e8', '1de510d2-e9aa-4419-b762-b650b0d8d0b7');
insert into project_employees (project_id, employee_id) values ('f63360a5-42f4-4714-9479-324cd3bd715e', 'a578a5a6-1aee-4e91-89d4-c4f5bfbb2bdc');
insert into project_employees (project_id, employee_id) values ('f2413457-a612-4318-9238-707d04083753', 'ce62aa28-35ac-40b9-9d98-649383acb2d0');
insert into project_employees (project_id, employee_id) values ('89717e00-faff-45f8-a390-1baadab82f9c', '3ccff8eb-a41d-46a6-b781-a36d9ae31b8d');
insert into project_employees (project_id, employee_id) values ('a9119eff-6f84-4ec5-9c4c-ea5cb41d0465', 'ee7ef1dc-e967-49ef-9956-7a46d0028427');
insert into project_employees (project_id, employee_id) values ('83a5e43e-6cb5-456d-8af5-dc011d889184', 'fb195ce3-584f-43d4-8be6-152846832e88');
insert into project_employees (project_id, employee_id) values ('bd51a748-898e-436e-9947-5dbbb024c763', '2b40c507-4263-448f-a128-ba8e59547242');
insert into project_employees (project_id, employee_id) values ('74a56a29-dc18-4442-a6da-5ccce9fdfc8a', 'e4c2ec40-38d5-4e1c-93e9-feb9fe5394a4');
insert into project_employees (project_id, employee_id) values ('7e40ddf1-7db4-4613-b3a0-76a5405259b4', 'd9ec2df5-204b-4563-a4e7-38436e50cbc1');
insert into project_employees (project_id, employee_id) values ('b816c068-2f08-47da-afe7-46e59e517844', 'f01b5e9a-28ed-4dd1-8a20-de4f3f09dc48');
insert into project_employees (project_id, employee_id) values ('e8a12a83-beb1-441b-bd62-b0cc0a62f2a2', '210d1282-2b3e-428d-bca4-cd8ba888ba02');
insert into project_employees (project_id, employee_id) values ('1973807b-05bd-4fed-97d0-5b22701a8af4', '6dc85bab-7814-44fe-bab3-3bbad84179eb');
insert into project_employees (project_id, employee_id) values ('0b57473e-b001-466f-b293-99ac80d7c30e', '4032c7a2-e852-4c8b-96ed-7fa9a8e0dd42');
insert into project_employees (project_id, employee_id) values ('63b8a8bb-4bbd-43c1-bc7d-3c19bd14d1e3', 'fa0193a2-956a-44dd-b088-abe10de24a69');
insert into project_employees (project_id, employee_id) values ('6fad297a-a417-46d4-ba3b-961a4ff90646', '72909950-f2e0-4c1a-b640-13bd81449940');
insert into project_employees (project_id, employee_id) values ('13f3a28a-0818-484f-b8cb-446d93482c7e', '1424e178-fc0c-45b0-9fb2-eb8725b413b8');
insert into project_employees (project_id, employee_id) values ('c00c5f32-c713-4794-9b6b-5e3783687c02', 'bdfce6bf-68b8-4177-9b76-92d02ab67862');
insert into project_employees (project_id, employee_id) values ('07d6c1fa-8af1-40cb-bd91-7e3de1bd9c2a', '83e86bea-15be-4f9b-b8f2-db88464fb85f');
insert into project_employees (project_id, employee_id) values ('72fac9ec-0873-43e5-a633-36aab6be124c', 'a988c15f-7737-4282-be0b-3f717d0019cd');
insert into project_employees (project_id, employee_id) values ('b92b289c-b1d8-4822-829e-c9774d9e3e02', '28d2bdc9-440f-4a7a-9cf1-c6947dcf0e73');
insert into project_employees (project_id, employee_id) values ('7eb123bb-f57a-4891-bff3-09a68a8c6b10', 'e237a9a1-3b3e-41a2-9378-05c5307b062f');
insert into project_employees (project_id, employee_id) values ('5a509ec2-c9d4-4227-83dd-3ce1934c86e2', 'e23a49c5-62cb-4a5a-bd2b-f86aca7da423');
insert into project_employees (project_id, employee_id) values ('ffbece1b-1cec-4f10-8e8e-088f319a7b89', '64fa37ad-81af-43e3-b387-8f29e059c134');
insert into project_employees (project_id, employee_id) values ('2b819863-1768-4177-947c-06b6bf0b296c', '85ddfe9d-b95b-4d0c-a307-0e22295a11a9');
insert into project_employees (project_id, employee_id) values ('f2413457-a612-4318-9238-707d04083753', 'c0868596-d7f0-47b7-ac40-f4a8683aece5');
insert into project_employees (project_id, employee_id) values ('f2b76945-cbc0-4c28-ace6-f16df326e055', 'ed0a2cdb-b846-4252-8040-5790d1dea3fa');
insert into project_employees (project_id, employee_id) values ('b92b289c-b1d8-4822-829e-c9774d9e3e02', 'de1daecf-1b51-4e45-9670-06c661c931a2');
insert into project_employees (project_id, employee_id) values ('9f7a4717-c5ad-4f79-acad-ded7c097923e', '1efd910c-1865-44ad-b3a5-a40e79b88d55');
insert into project_employees (project_id, employee_id) values ('efe35c24-4ad2-49d7-bfb6-033b65bce056', '5e5cbea9-02b9-485d-bec1-6085bd3a4702');
insert into project_employees (project_id, employee_id) values ('cb6c7cd1-57b2-452c-b135-7f880230268b', '0b79f1db-a5ff-4a11-a8d2-862b25a52769');
insert into project_employees (project_id, employee_id) values ('41117847-0e07-4041-987e-372c095f88c6', 'd8ba6ab2-82f5-4df3-8cb9-8b46868239f7');
insert into project_employees (project_id, employee_id) values ('0a8fb5d4-8fac-4eef-94dd-8d02c2f799ba', 'a578a5a6-1aee-4e91-89d4-c4f5bfbb2bdc');
insert into project_employees (project_id, employee_id) values ('edb07471-7cd9-4368-b8b9-1df88ff43666', 'c0868596-d7f0-47b7-ac40-f4a8683aece5');
insert into project_employees (project_id, employee_id) values ('3cd37f56-76a6-4bb9-9a64-7407ef470632', 'a578a5a6-1aee-4e91-89d4-c4f5bfbb2bdc');
insert into project_employees (project_id, employee_id) values ('53715aac-c8da-46bd-8352-f0ae7abe1b39', '6dc85bab-7814-44fe-bab3-3bbad84179eb');
insert into project_employees (project_id, employee_id) values ('ffbece1b-1cec-4f10-8e8e-088f319a7b89', 'dade0a59-49f8-4373-9d23-ae722826dcab');
insert into project_employees (project_id, employee_id) values ('47cb3241-aec1-4b09-8b31-bf049c4f2dbb', 'd64cd8ce-f521-4d3d-ac24-7ef89b277b31');
insert into project_employees (project_id, employee_id) values ('6cb4d4f2-4ea7-41f6-846c-ba7aae1e79fc', 'd64cd8ce-f521-4d3d-ac24-7ef89b277b31');
insert into project_employees (project_id, employee_id) values ('112ae1f4-fd52-4427-8324-e7d3e4f11828', '4c6011e3-1f59-4951-8f11-a7882002b297');
insert into project_employees (project_id, employee_id) values ('ad401bfc-ea35-48f6-8f8c-47a93d48abc3', '243caf8f-3abd-44a9-b00a-8ea37bd4aaac');
insert into project_employees (project_id, employee_id) values ('c2ba7ea9-2c4f-4ce2-8f97-575ccf439f52', 'fa0193a2-956a-44dd-b088-abe10de24a69');
insert into project_employees (project_id, employee_id) values ('4fcfd0f3-812c-4a39-83b2-317e4247bce5', '220397ef-e535-4127-b9ff-357cd794c179');
insert into project_employees (project_id, employee_id) values ('bba988be-00d8-43b9-bf7f-ba69a12144a6', '243caf8f-3abd-44a9-b00a-8ea37bd4aaac');
insert into project_employees (project_id, employee_id) values ('4fcfd0f3-812c-4a39-83b2-317e4247bce5', '215dde4e-92b6-49de-9ba6-3ee96cd6f9da');
insert into project_employees (project_id, employee_id) values ('7f8562f3-2568-4044-a478-408f8ebd3ec4', 'b91332c6-f182-4588-a479-f832a87cf0ce');
insert into project_employees (project_id, employee_id) values ('d53ba2c6-c762-4859-b2c0-f3586ae9d3cf', 'ed0a2cdb-b846-4252-8040-5790d1dea3fa');
insert into project_employees (project_id, employee_id) values ('41117847-0e07-4041-987e-372c095f88c6', 'ee30da4f-de03-4d42-8a0e-bb312ed78c89');
insert into project_employees (project_id, employee_id) values ('47bebabb-e4aa-4a8d-a832-f15be7b4fa1e', 'ce62aa28-35ac-40b9-9d98-649383acb2d0');
insert into project_employees (project_id, employee_id) values ('63b8a8bb-4bbd-43c1-bc7d-3c19bd14d1e3', '215dde4e-92b6-49de-9ba6-3ee96cd6f9da');
insert into project_employees (project_id, employee_id) values ('c78b5fe4-4368-4d9b-9284-214a803dd424', '220397ef-e535-4127-b9ff-357cd794c179');
insert into project_employees (project_id, employee_id) values ('94416a6e-9b10-4639-96bf-907b457412a0', '3ba26fd0-5a1c-43f5-a9bf-7b6ac5446959');
insert into project_employees (project_id, employee_id) values ('e72d5c7d-0af0-4cf9-9193-c1ab6277c117', 'dade0a59-49f8-4373-9d23-ae722826dcab');
insert into project_employees (project_id, employee_id) values ('2dad9373-48d2-4a85-9050-8dbc20010e4b', 'd4ba7531-a825-4caa-a039-9c62eea83a1f');
insert into project_employees (project_id, employee_id) values ('d15d658e-2e64-430d-900b-39265d6a66e7', '1de510d2-e9aa-4419-b762-b650b0d8d0b7');
insert into project_employees (project_id, employee_id) values ('83d52e9b-18dd-46f3-bc76-44dae47b9d99', '215dde4e-92b6-49de-9ba6-3ee96cd6f9da');
insert into project_employees (project_id, employee_id) values ('ff9703d9-0f78-402a-8427-1d11b162f6c1', '353b6202-6f59-4ca6-9196-7f8120df4123');
insert into project_employees (project_id, employee_id) values ('bba988be-00d8-43b9-bf7f-ba69a12144a6', 'd4ba7531-a825-4caa-a039-9c62eea83a1f');
insert into project_employees (project_id, employee_id) values ('e015f123-4722-4196-bcc6-9fca5f9722f3', 'f01b5e9a-28ed-4dd1-8a20-de4f3f09dc48');
insert into project_employees (project_id, employee_id) values ('7eb123bb-f57a-4891-bff3-09a68a8c6b10', '376c76c7-88f0-4070-94e3-be1aa48289e6');
insert into project_employees (project_id, employee_id) values ('2b647330-73d6-4fff-89d4-ce654b7bf6cb', '6a5b3b4f-528a-44d6-9473-bdfbe62b12bf');
insert into project_employees (project_id, employee_id) values ('e015f123-4722-4196-bcc6-9fca5f9722f3', '8196b0d6-6c19-4a23-a5bd-1882b2a9164b');
insert into project_employees (project_id, employee_id) values ('94416a6e-9b10-4639-96bf-907b457412a0', 'a578a5a6-1aee-4e91-89d4-c4f5bfbb2bdc');
insert into project_employees (project_id, employee_id) values ('41117847-0e07-4041-987e-372c095f88c6', '210d1282-2b3e-428d-bca4-cd8ba888ba02');
insert into project_employees (project_id, employee_id) values ('a0c6b97a-6179-41f2-bb0b-0513f096d315', '4032c7a2-e852-4c8b-96ed-7fa9a8e0dd42');
insert into project_employees (project_id, employee_id) values ('cb6c7cd1-57b2-452c-b135-7f880230268b', 'd8ba6ab2-82f5-4df3-8cb9-8b46868239f7');
insert into project_employees (project_id, employee_id) values ('94416a6e-9b10-4639-96bf-907b457412a0', '0a8ad8fa-0833-4c40-95e5-58377417978a');
insert into project_employees (project_id, employee_id) values ('ff9703d9-0f78-402a-8427-1d11b162f6c1', '4f78754e-f53e-43e1-a489-cee14e14f35f');
insert into project_employees (project_id, employee_id) values ('2b819863-1768-4177-947c-06b6bf0b296c', '5e5cbea9-02b9-485d-bec1-6085bd3a4702');
insert into project_employees (project_id, employee_id) values ('70c29f35-9edb-45ab-a158-4024aa8d7efc', '8196b0d6-6c19-4a23-a5bd-1882b2a9164b');
insert into project_employees (project_id, employee_id) values ('b11fcf9a-21fd-4532-826b-836b6aa66304', '0a8ad8fa-0833-4c40-95e5-58377417978a');
insert into project_employees (project_id, employee_id) values ('ff9703d9-0f78-402a-8427-1d11b162f6c1', '0b79f1db-a5ff-4a11-a8d2-862b25a52769');
insert into project_employees (project_id, employee_id) values ('7eb123bb-f57a-4891-bff3-09a68a8c6b10', 'bdfce6bf-68b8-4177-9b76-92d02ab67862');
insert into project_employees (project_id, employee_id) values ('dd1a04b9-5fb2-4579-a5ef-1f7afc9b93ad', 'fcbae8ba-ad69-42b7-af83-74ddcf5fbf50');
insert into project_employees (project_id, employee_id) values ('ff9703d9-0f78-402a-8427-1d11b162f6c1', '215dde4e-92b6-49de-9ba6-3ee96cd6f9da');
insert into project_employees (project_id, employee_id) values ('6c44c1c0-d27d-4283-9af7-3219ec170bb3', 'b6ea80f2-7771-4f26-b68c-248bfa2dae51');
insert into project_employees (project_id, employee_id) values ('8e92cb36-17bb-4430-9431-15002560d76f', 'eede0c17-894d-4844-ac7f-bfb02db6b3a2');
insert into project_employees (project_id, employee_id) values ('0b57473e-b001-466f-b293-99ac80d7c30e', '4032c7a2-e852-4c8b-96ed-7fa9a8e0dd42');
insert into project_employees (project_id, employee_id) values ('4809a3ce-2e3e-4cd2-b6be-1d34180513a0', 'c1d2287c-bd39-44a0-9d40-fd19ff372418');
insert into project_employees (project_id, employee_id) values ('c9bc6658-43f4-4f75-b846-f74bf60bd2f7', 'e23a49c5-62cb-4a5a-bd2b-f86aca7da423');
insert into project_employees (project_id, employee_id) values ('3afd866d-0ed2-4af1-8559-745feacd74a8', '53f2795b-21f6-433f-8f94-5ac331b7d03b');
insert into project_employees (project_id, employee_id) values ('2dac61df-45a0-4b53-9238-3dd227c6f48f', 'a0941bb7-25f9-4e61-b568-ecf25e0a4dd1');
insert into project_employees (project_id, employee_id) values ('ad401bfc-ea35-48f6-8f8c-47a93d48abc3', '47209a93-8831-4b93-a244-c053f1608916');
insert into project_employees (project_id, employee_id) values ('e015f123-4722-4196-bcc6-9fca5f9722f3', '40435313-a2f6-4f2e-b7b4-f675dc09557f');
insert into project_employees (project_id, employee_id) values ('06a94ede-fead-4846-9adb-bf9c57450b76', 'b681a4fb-4dfa-4de4-91a7-0c7015887a1c');
insert into project_employees (project_id, employee_id) values ('94416a6e-9b10-4639-96bf-907b457412a0', '5dd6af23-4b29-495a-be43-6bc31521f422');
insert into project_employees (project_id, employee_id) values ('70c29f35-9edb-45ab-a158-4024aa8d7efc', '28d2bdc9-440f-4a7a-9cf1-c6947dcf0e73');
insert into project_employees (project_id, employee_id) values ('112ae1f4-fd52-4427-8324-e7d3e4f11828', 'b6ea80f2-7771-4f26-b68c-248bfa2dae51');
insert into project_employees (project_id, employee_id) values ('76d9b605-141c-4f20-8ae4-8838d43d3883', '83e86bea-15be-4f9b-b8f2-db88464fb85f');
insert into project_employees (project_id, employee_id) values ('5ab34c3e-1f91-40e4-87fc-7cee8d832308', '83e86bea-15be-4f9b-b8f2-db88464fb85f');
insert into project_employees (project_id, employee_id) values ('13f3a28a-0818-484f-b8cb-446d93482c7e', '7b20a1ff-1442-4ab2-8119-667032fa402f');
insert into project_employees (project_id, employee_id) values ('25137a57-9a89-409e-a1a8-978de5730f59', '3ecf8544-5157-474a-aeb6-e29508d58941');
insert into project_employees (project_id, employee_id) values ('a9119eff-6f84-4ec5-9c4c-ea5cb41d0465', '25c429bf-845f-47fb-b856-108fb46157cb');
insert into project_employees (project_id, employee_id) values ('06a94ede-fead-4846-9adb-bf9c57450b76', '2d39d730-d345-48f9-bc6b-d4e5c7e5b1c6');

insert into search_profile_skills (search_profile_id, skill_id) values ('fefab191-e277-4ac6-8519-3a8d5085ec0e', 'aws');
insert into search_profile_skills (search_profile_id, skill_id) values ('508f2bce-c2a5-4433-bf03-6380d31cef1a', 'javascript');
insert into search_profile_skills (search_profile_id, skill_id) values ('0b81ef6d-c848-4aaf-a07e-5640f4e24931', 'c++');
insert into search_profile_skills (search_profile_id, skill_id) values ('23f9bed0-0174-4de3-bac6-7dd1df030627', 'kubernetes');
insert into search_profile_skills (search_profile_id, skill_id) values ('f4ea8fb4-1a04-48c1-88ca-5a0c7e6d7ce5', 'docker');
insert into search_profile_skills (search_profile_id, skill_id) values ('dd6b74a0-5b4b-4647-9e1a-19a653bb7d28', 'java');
insert into search_profile_skills (search_profile_id, skill_id) values ('060550df-3bc3-4364-9a20-e9af9199604c', 'swift');
insert into search_profile_skills (search_profile_id, skill_id) values ('3cf9a69e-0779-4cdb-a13f-a24f609b032a', 'swift');
insert into search_profile_skills (search_profile_id, skill_id) values ('dd6b74a0-5b4b-4647-9e1a-19a653bb7d28', 'ruby');
insert into search_profile_skills (search_profile_id, skill_id) values ('9c1a6285-de1b-4428-9397-51bbd83a62e3', 'docker');
insert into search_profile_skills (search_profile_id, skill_id) values ('d9ad6f00-2e9a-40b5-b58b-4bdc6438555a', 'java');
insert into search_profile_skills (search_profile_id, skill_id) values ('97675629-36bb-4f7b-a970-8c0e2da0b6c1', 'jenkins');
insert into search_profile_skills (search_profile_id, skill_id) values ('0edf5b4c-5f02-430d-9ccc-30244a4e2300', 'docker');
insert into search_profile_skills (search_profile_id, skill_id) values ('47cf1d0b-008b-4492-9268-e18e76d47c70', 'java');
insert into search_profile_skills (search_profile_id, skill_id) values ('ffe0f72c-ec9b-4683-84d0-ee9028134cae', 'sql');
insert into search_profile_skills (search_profile_id, skill_id) values ('4c2394db-da1e-483a-b96c-0d24dbe3d53d', 'nodejs');
insert into search_profile_skills (search_profile_id, skill_id) values ('95568061-f178-46b1-8c8b-3f50966841d8', 'kubernetes');
insert into search_profile_skills (search_profile_id, skill_id) values ('7d15282e-f089-416c-8301-e9742761e8ba', 'angular');
insert into search_profile_skills (search_profile_id, skill_id) values ('f0bee76f-1c18-4c0c-bc2c-e2101561eb53', 'sql');
insert into search_profile_skills (search_profile_id, skill_id) values ('71feb4de-8af6-4ae1-944f-b8b81c8c1262', 'nodejs');
insert into search_profile_skills (search_profile_id, skill_id) values ('2ddf4390-3190-4f93-af00-d065ce05f718', 'angular');
insert into search_profile_skills (search_profile_id, skill_id) values ('fc6d6ef1-c32e-4453-847c-40ff495e6840', 'nodejs');
insert into search_profile_skills (search_profile_id, skill_id) values ('ffe0f72c-ec9b-4683-84d0-ee9028134cae', 'ruby');
insert into search_profile_skills (search_profile_id, skill_id) values ('7073f60f-a4b2-4641-9b4c-7848af158510', 'javascript');
insert into search_profile_skills (search_profile_id, skill_id) values ('4c2394db-da1e-483a-b96c-0d24dbe3d53d', 'javascript');
insert into search_profile_skills (search_profile_id, skill_id) values ('aa90543f-6d47-4377-a69c-1e9b1efb5b95', 'jenkins');
insert into search_profile_skills (search_profile_id, skill_id) values ('9e7efcac-27c0-42e2-8100-036840da1850', 'aws');
insert into search_profile_skills (search_profile_id, skill_id) values ('c1363b5a-2278-402e-8269-2e2664607bd0', 'nodejs');
insert into search_profile_skills (search_profile_id, skill_id) values ('fc797490-67e2-452e-a8e4-93f8d169c311', 'kubernetes');
insert into search_profile_skills (search_profile_id, skill_id) values ('508f2bce-c2a5-4433-bf03-6380d31cef1a', 'javascript');
insert into search_profile_skills (search_profile_id, skill_id) values ('2c5ce637-7138-4fb9-ae6a-e8ee31af5cbb', 'c++');
insert into search_profile_skills (search_profile_id, skill_id) values ('7c49b45a-20a6-4c33-aad8-eaa4bc9a95e5', 'php');
insert into search_profile_skills (search_profile_id, skill_id) values ('1539f060-b73d-4f7d-9b68-bd9e72e1ef81', 'docker');
insert into search_profile_skills (search_profile_id, skill_id) values ('942832f9-80be-40b5-a390-52b0ecaf0d81', 'jenkins');
insert into search_profile_skills (search_profile_id, skill_id) values ('0f38d170-1787-45fc-bfa6-384fa5584b83', 'c++');
insert into search_profile_skills (search_profile_id, skill_id) values ('0b81ef6d-c848-4aaf-a07e-5640f4e24931', 'php');
insert into search_profile_skills (search_profile_id, skill_id) values ('5270aa1e-6853-45b9-b8b5-f520692e53f5', 'java');
insert into search_profile_skills (search_profile_id, skill_id) values ('293a6c64-598a-4722-a096-f4e5ec5250a8', 'jenkins');
insert into search_profile_skills (search_profile_id, skill_id) values ('ce10d25a-0209-4c1f-9c0e-1580bcd5605e', 'kotlin');
insert into search_profile_skills (search_profile_id, skill_id) values ('9c1a6285-de1b-4428-9397-51bbd83a62e3', 'kotlin');
insert into search_profile_skills (search_profile_id, skill_id) values ('c416b542-7555-4131-ad73-f21fb35b86f0', 'javascript');
insert into search_profile_skills (search_profile_id, skill_id) values ('10e488c2-e744-41d0-a685-0b6a27e01b99', 'sql');
insert into search_profile_skills (search_profile_id, skill_id) values ('7d15282e-f089-416c-8301-e9742761e8ba', 'php');
insert into search_profile_skills (search_profile_id, skill_id) values ('7c98af85-a1bf-4ba9-9278-d774807dca78', 'kotlin');
insert into search_profile_skills (search_profile_id, skill_id) values ('116f2011-95e7-4088-8abc-ec8962cfcbc6', 'docker');
insert into search_profile_skills (search_profile_id, skill_id) values ('f7f7727c-92a0-4f52-b8eb-dbd6d876cc53', 'git');
insert into search_profile_skills (search_profile_id, skill_id) values ('6f739d1d-ceb5-4dec-b0f6-a5553feb8c56', 'aws');
insert into search_profile_skills (search_profile_id, skill_id) values ('e90e2587-9161-429a-a891-45218422f353', 'mongodb');
insert into search_profile_skills (search_profile_id, skill_id) values ('12f5ee05-ebdb-4f04-9418-d38c17cdd481', 'angular');
insert into search_profile_skills (search_profile_id, skill_id) values ('bf9efe3e-5cb8-4a55-8730-5326c669f35d', 'kotlin');
insert into search_profile_skills (search_profile_id, skill_id) values ('682cc426-298d-4d0e-9176-125bdf99c102', 'ruby');
insert into search_profile_skills (search_profile_id, skill_id) values ('dd6b74a0-5b4b-4647-9e1a-19a653bb7d28', 'nodejs');
insert into search_profile_skills (search_profile_id, skill_id) values ('ffe0f72c-ec9b-4683-84d0-ee9028134cae', 'jenkins');
insert into search_profile_skills (search_profile_id, skill_id) values ('7c49b45a-20a6-4c33-aad8-eaa4bc9a95e5', 'ruby');
insert into search_profile_skills (search_profile_id, skill_id) values ('b68008e2-11d9-4a53-b16b-720db90e6e7a', 'angular');
insert into search_profile_skills (search_profile_id, skill_id) values ('40d79aad-af43-4278-82e2-ddf60cc3adde', 'sql');
insert into search_profile_skills (search_profile_id, skill_id) values ('a42c6b16-8a0a-4a73-992f-7bb5343e8a9b', 'javascript');
insert into search_profile_skills (search_profile_id, skill_id) values ('7073f60f-a4b2-4641-9b4c-7848af158510', 'angular');
insert into search_profile_skills (search_profile_id, skill_id) values ('47cf1d0b-008b-4492-9268-e18e76d47c70', 'sql');
insert into search_profile_skills (search_profile_id, skill_id) values ('ab768a54-d37d-4a2f-9451-cccc05402c6f', 'sql');
insert into search_profile_skills (search_profile_id, skill_id) values ('508f2bce-c2a5-4433-bf03-6380d31cef1a', 'python');
insert into search_profile_skills (search_profile_id, skill_id) values ('9a5cf4c9-ae37-4a1c-912d-6ee7382ef218', 'kubernetes');
insert into search_profile_skills (search_profile_id, skill_id) values ('de4abd24-b652-477c-b5b6-bda62e9fb7c7', 'git');
insert into search_profile_skills (search_profile_id, skill_id) values ('783b37bb-b13d-4a80-bb87-34ef4783b015', 'python');
insert into search_profile_skills (search_profile_id, skill_id) values ('95568061-f178-46b1-8c8b-3f50966841d8', 'c++');
insert into search_profile_skills (search_profile_id, skill_id) values ('fc797490-67e2-452e-a8e4-93f8d169c311', 'c');
insert into search_profile_skills (search_profile_id, skill_id) values ('7d15282e-f089-416c-8301-e9742761e8ba', 'docker');
insert into search_profile_skills (search_profile_id, skill_id) values ('10f85fa5-d454-45cb-b15b-4af4f0362f23', 'c');
insert into search_profile_skills (search_profile_id, skill_id) values ('9e7efcac-27c0-42e2-8100-036840da1850', 'java');
insert into search_profile_skills (search_profile_id, skill_id) values ('76fc3de5-349e-44a6-9501-43c915583b80', 'swift');
insert into search_profile_skills (search_profile_id, skill_id) values ('4c2394db-da1e-483a-b96c-0d24dbe3d53d', 'kotlin');
insert into search_profile_skills (search_profile_id, skill_id) values ('9c1a6285-de1b-4428-9397-51bbd83a62e3', 'mongodb');
insert into search_profile_skills (search_profile_id, skill_id) values ('fefab191-e277-4ac6-8519-3a8d5085ec0e', 'ruby');
insert into search_profile_skills (search_profile_id, skill_id) values ('dd6b74a0-5b4b-4647-9e1a-19a653bb7d28', 'angular');
insert into search_profile_skills (search_profile_id, skill_id) values ('a358e338-d432-412b-b3bb-d1959a591398', 'mongodb');
insert into search_profile_skills (search_profile_id, skill_id) values ('293a6c64-598a-4722-a096-f4e5ec5250a8', 'python');
insert into search_profile_skills (search_profile_id, skill_id) values ('9c1a6285-de1b-4428-9397-51bbd83a62e3', 'git');
insert into search_profile_skills (search_profile_id, skill_id) values ('3f22544c-caba-42ab-ab6c-a20a1ad5cff8', 'c');
insert into search_profile_skills (search_profile_id, skill_id) values ('12f5ee05-ebdb-4f04-9418-d38c17cdd481', 'kotlin');
insert into search_profile_skills (search_profile_id, skill_id) values ('bd45683f-d692-40af-a79e-2d1d8fb942e2', 'jenkins');
insert into search_profile_skills (search_profile_id, skill_id) values ('ce10d25a-0209-4c1f-9c0e-1580bcd5605e', 'sql');
insert into search_profile_skills (search_profile_id, skill_id) values ('e90e2587-9161-429a-a891-45218422f353', 'swift');
insert into search_profile_skills (search_profile_id, skill_id) values ('95568061-f178-46b1-8c8b-3f50966841d8', 'swift');
insert into search_profile_skills (search_profile_id, skill_id) values ('f7f7727c-92a0-4f52-b8eb-dbd6d876cc53', 'swift');
insert into search_profile_skills (search_profile_id, skill_id) values ('6f739d1d-ceb5-4dec-b0f6-a5553feb8c56', 'jenkins');
insert into search_profile_skills (search_profile_id, skill_id) values ('aa90543f-6d47-4377-a69c-1e9b1efb5b95', 'ruby');
insert into search_profile_skills (search_profile_id, skill_id) values ('3a08c409-93be-4691-9033-33d59c230b21', 'sql');
insert into search_profile_skills (search_profile_id, skill_id) values ('2c5ce637-7138-4fb9-ae6a-e8ee31af5cbb', 'kotlin');
insert into search_profile_skills (search_profile_id, skill_id) values ('71feb4de-8af6-4ae1-944f-b8b81c8c1262', 'aws');
insert into search_profile_skills (search_profile_id, skill_id) values ('9c1a6285-de1b-4428-9397-51bbd83a62e3', 'c');
insert into search_profile_skills (search_profile_id, skill_id) values ('37b070a6-bf1f-44ae-825a-1f18aedb8a31', 'angular');
insert into search_profile_skills (search_profile_id, skill_id) values ('21def0ea-f41d-44d9-91be-43c3fbd4ed31', 'git');
insert into search_profile_skills (search_profile_id, skill_id) values ('ff3797c1-c2f6-4826-960b-40a20b2b4eeb', 'kubernetes');
insert into search_profile_skills (search_profile_id, skill_id) values ('bd45683f-d692-40af-a79e-2d1d8fb942e2', 'c++');
insert into search_profile_skills (search_profile_id, skill_id) values ('10f85fa5-d454-45cb-b15b-4af4f0362f23', 'python');
insert into search_profile_skills (search_profile_id, skill_id) values ('50eb1112-6dd0-4ffc-a883-2cf93180275f', 'python');
insert into search_profile_skills (search_profile_id, skill_id) values ('bf9efe3e-5cb8-4a55-8730-5326c669f35d', 'swift');
insert into search_profile_skills (search_profile_id, skill_id) values ('ce10d25a-0209-4c1f-9c0e-1580bcd5605e', 'sql');
insert into search_profile_skills (search_profile_id, skill_id) values ('060550df-3bc3-4364-9a20-e9af9199604c', 'aws');
insert into search_profile_skills (search_profile_id, skill_id) values ('10e488c2-e744-41d0-a685-0b6a27e01b99', 'swift');